,station_id,road_id,km,name,longitude,latitude,altitude,timezone
0,103,7,80,"км 80+000 а/д М-4 ""Дон""",55.27888888888901,38.4925,0,3
1,104,54,47,"км 47+000 а/д М-5 ""Урал""",55.491666666667,38.157222222222,0,3
2,105,54,28,"км 28+000 а/д М-5 ""Урал""",55.605555555556,37.978888888889,0,3
3,106,54,1369,"км 1369+260 а/д М-5 ""Урал""",54.644466666667,54.545,188,3
4,107,54,1401,"км 1401+900 а/д М-5 ""Урал""",54.730047,55.011639,129,3
5,108,55,1304,"км 1304+500 а/д М-7 ""Волга""",54.9725,55.57575,84,4
6,109,55,1223,"км 1223+500 а/д М-7 ""Волга""",55.4408802,54.7191578,76,3
7,110,55,1178,"км 1178+600 а/д М-7 ""Волга""",55.46737,54.0578,0,4
8,111,54,1221,"км 1221+745 а/д М-5 ""Урал""",54.214,52.714,267,4
9,112,54,1201,"км 1201+970 а/д М-5 ""Урал""",54.103,52.489,151,3
10,113,54,1296,"км 1296+046 а/д М-5 ""Урал""",54.447,53.603,247,3
11,114,54,1270,"км 1270+930 а/д М-5 ""Урал""",54.458,53.278,199,3
12,115,54,1438,"км 1438+400 а/д М-5 ""Урал""",54.646,55.546,90,3
13,116,54,1532,"км 1532+200 а/д М-5 ""Урал""",54.825,56.891,135,3
14,117,60,47,км 47+100 а/д Р-240 Уфа-Оренбург,54.31,55.883,117,3
15,118,60,206,км 206+965 а/д Р-240 Уфа-Оренбург,52.9615667,55.8888833,211,3
16,119,60,312,км 312+700 а/д Р-240 Уфа-Оренбург,52.209,55.322,0,3
17,120,54,1563,"км 1563+575 а/д М-5 ""Урал""",54.906,57.347,193,4
18,121,54,1592,"км 1592+600 а/д М-5 ""Урал""",54.995,57.713,339,4
19,122,54,1607,"км 1607+990 а/д М-5 ""Урал""",54.917,57.924,400,4
20,123,54,1679,"км 1679+800 а/д М-5 ""Урал""",54.933,58.9,739,4
21,124,54,1717,"км 1717+250 а/д М-5 ""Урал""",55.111,59.324,480,4
22,125,54,1736,"км 1736+930 а/д М-5 ""Урал""",55.124,59.593,809,4
23,126,54,1780,"км 1780+200 а/д М-5 ""Урал""",54.944,60.07,367,4
24,127,54,1799,"км 1799+085 а/д М-5 ""Урал""",54.916,60.354,330,4
25,128,54,1821,"км 1821+400 а/д М-5 ""Урал""",54.923,60.702,320,4
26,129,54,1858,"км 1858+585 а/д М-5 ""Урал""",55.01143987556943,61.260135769844055,266,4
27,130,54,1646,"км 1646+200 а/д М-5 ""Урал""",54.888,58.433,360,4
28,131,54,1255,"км 1255+026 а/д М-5 ""Урал""",54.381,53.095,0,3
29,132,54,1316,"км 1316+700 а/д М-5 ""Урал""",54.485,53.91,0,3
30,133,54,1500,"км 1500+500 а/д М-5 ""Урал""",54.762319,56.401223,0,3
31,134,55,1200,"км 1200+617 а/д М-7 ""Волга""",55.4426604,54.3981811,169,4
32,135,55,1266,"км 1266+500 а/д М-7 ""Волга""",55.1611742,55.1278214,97,3
33,136,55,1331,"км 1331+500 а/д М-7 ""Волга""",54.8071,55.851067,100,3
34,137,60,23,км 23+950 а/д Р-240 Уфа-Оренбург,54.513167,55.899433,86,3
35,138,60,87,км 87+100 а/д Р-240 Уфа-Оренбург,53.9622167,55.9128833,197,3
36,139,60,105,км 105+300 а/д Р-240 Уфа-Оренбург,53.80915,55.93375,167,3
37,140,60,140,км 140+950 а/д Р-240 Уфа-Оренбург,53.514183,55.871667,141,3
38,141,54,1622,"км 1622+000 а/д М-5 ""Урал""",54.909,58.102,385,3
39,142,54,1765,"км 1765+900 а/д М-5 ""Урал""",54.983,59.869,377,3
40,143,69,18,"км 18+080 а/д М-5 ""Урал"", подъезд к г. Екатеринбург",55.311,61.335,213,3
41,144,69,37,"км 37+600 а/д М-5 ""Урал"", подъезд к г. Екатеринбург",55.466,61.347,228,4
42,145,69,72,"км 72+310 а/д М-5 ""Урал"", подъезд к г. Екатеринбург",55.762,61.221,219,4
43,146,69,121,"км 121+310 а/д М-5 ""Урал"", подъезд к г. Екатеринбург",56.14,60.9,278,4
44,147,197,27,"км 27+900 а/д Р-254 (М-51, М-53, М-55) ""Иртыш""",55.239,61.756,220,4
45,148,197,62,"км 62+750 а/д Р-254 (М-51, М-53, М-55) ""Иртыш""",55.219,62.275,189,4
46,149,197,91,"км 91+870 а/д Р-254 (М-51, М-53, М-55) ""Иртыш""",55.236,62.724,175,3
47,150,197,125,"км 125+835 а/д Р-254 (М-51, М-53, М-55) ""Иртыш""",55.255,63.256,165,5
48,151,197,171,"км 171+710 а/д Р-254 (М-51, М-53, М-55) ""Иртыш""",55.362,63.915,163,3
49,152,197,221,"км 221+640 а/д Р-254 (М-51, М-53, М-55) ""Иртыш""",55.406,64.692,154,4
50,153,197,258,"км 258+950 а/д Р-254 (М-51, М-53, М-55) ""Иртыш""",55.501,65.247,80,3
51,154,197,300,"км 300+620 а/д Р-254 (М-51, М-53, М-55) ""Иртыш""",55.388,65.828,138,3
52,155,73,38,"км 38+200 а/д Р-254 (М-51, М-53, М-55) ""Иртыш"", подъезд к г. Тюмень",55.825,65.56,45,3
53,156,70,18,км 18+900 а/д А-310 (М-36) Челябинск-Троицк,55.014,61.451,228,3
54,157,70,44,км 44+850 а/д А-310 (М-36) Челябинск-Троицк,54.809,61.308,239,4
55,158,70,81,км 81+350 а/д А-310 (М-36) Челябинск-Троицк,54.504,61.276,236,3
56,159,70,101,км 101+100 а/д А-310 (М-36) Челябинск-Троицк,54.336,61.345,243,4
57,160,70,131,км 131+230 а/д А-310 (М-36) Челябинск-Троицк,54.09,61.49,211,4
58,188,22,60,"км 60+865 а/д М-10 ""Россия""",56.1806,36.989,203,3
59,189,22,135,"км 135+137 а/д М-10 ""Россия""",56.701,36.337,121,3
60,200,22,36,"км 36+891 а/д М-10 ""Россия""",55.997491,37.249981,201,3
61,201,22,71,"км 71+063 а/д М-10 ""Россия""",56.231944444444004,36.905277777778,183,3
62,202,22,231,"км 231+800 а/д М-10 ""Россия""",57.063,35.013,194,3
63,203,22,293,"км 293+550 а/д М-10 ""Россия""",57.55492,34.5794,166,3
64,204,22,348,"км 348+540 а/д М-10 ""Россия""",57.812312,33.841249,184,3
65,205,22,387,"км 387+734 а/д М-10 ""Россия""",57.95379,33.267,214,3
66,206,22,446,"км 446+610 а/д М-10 ""Россия""",58.268225,32.495233,64,3
67,207,22,525,"км 525+000 а/д М-10 ""Россия""",58.650417,31.43643,32,3
68,208,22,590,"км 590+000 а/д М-10 ""Россия""",59.186847,31.536456,35,3
69,209,22,175,"км 175+887 а/д М-10 ""Россия""",56.856797,35.78639,137,3
70,210,22,135,"км 135+137 а/д М-10 ""Россия""",56.701,36.337,121,3
71,211,22,47,"км 47+710 а/д М-10 ""Россия""",56.068327,37.135976,213,3
72,212,22,196,"км 196+680 а/д М-10 ""Россия""",56.93869,35.511173,137,3
73,213,22,119,"км 119+640 а/д М-10 ""Россия""",56.591,36.4886,126,3
74,214,22,152,"км 152+950 а/д М-10 ""Россия""",56.78267,36.0982,200,3
75,215,22,94,"км 94+555 а/д М-10 ""Россия""",56.390617,36.662617,142,2
76,216,22,267,"км 267+721 а/д М-10 ""Россия""",57.369117,34.83477,162,3
77,217,22,318,"км 318+306 а/д М-10 ""Россия""",57.69087,34.2856,0,3
78,218,22,406,"км 406+953 а/д М-10 ""Россия""",58.03,32.986717,107,3
79,219,22,425,"км 425+630 а/д М-10 ""Россия""",58.14540945197088,32.760592103004456,112,3
80,220,22,501,"км 501+600 а/д М-10 ""Россия""",58.493032210962454,31.698254942893982,25,3
81,221,22,546,"км 546+000 а/д М-10 ""Россия""",58.822762,31.475024,41,3
82,222,41,57,"км 57+507 а/д Р-56 (А-116, 1Р-56) Великий Новгород-Псков",58.20527,30.60414,25,3
83,223,40,184,"км 184+115 а/д М-9 ""Балтия""",56.1459798332354,34.93979573249817,200,3
84,224,40,223,"км 223+685 а/д М-9 ""Балтия""",56.21995221713319,34.34499442577362,197,3
85,225,40,276,"км 276+884 а/д М-9 ""Балтия""",56.24666446210524,33.51084887981415,237,3
86,226,40,322,"км 322+673 а/д М-9 ""Балтия""",56.272136882792196,32.768113017082214,213,3
87,227,40,362,"км 362+306 а/д М-9 ""Балтия""",56.30695560431135,32.14755177497864,206,3
88,228,40,416,"км 416+335 а/д М-9 ""Балтия""",56.333797,31.297683,177,3
89,229,22,367,"км 367+513 а/д М-10 ""Россия""",57.924337,33.601609,197,3
90,230,22,400,"км 400+400 а/д М-10 ""Россия""",58.01066976989487,33.08826148509979,153,3
91,231,22,411,"км 411+110 а/д М-10 ""Россия""",58.054953,32.939142,133,3
92,232,22,473,"км 473+900 а/д М-10 ""Россия""",58.367252,32.084843,66,3
93,233,22,565,"км 565+000 а/д М-10 ""Россия""",58.990465,31.546219,45,3
94,234,45,2,"км 2+300 а/д М-10 ""Россия"", подъезд к г. Новгород от СПб",58.666097,31.363403,20,3
95,235,41,102,"км 102+133 а/д Р-56 (А-116, 1Р-56) Великий Новгород-Псков",58.056629,29.965652,42,3
96,236,44,39,"км 39+388 а/д М-10 ""Россия"", подъезд к г. Новгород от Москвы",58.532538,31.353161,19,3
97,237,41,24,"км 24+745 а/д Р-56 (А-116, 1Р-56) Великий Новгород-Псков",58.36582552279819,30.98763585090637,0,2
98,238,40,392,"км 392+460 а/д М-9 ""Балтия""",56.323446,31.689846,193,3
99,239,40,255,"км 255+015 а/д М-9 ""Балтия""",56.229,33.856,222,3
100,240,40,297,"км 297+312 а/д М-9 ""Балтия""",56.2691,33.17839,251,3
101,268,10,183,км 183+000 а/д А-114 Вологда-Новая Ладога,58.92535,37.24373333,0,3
102,290,22,144,"км 144+635 а/д М-10 ""Россия""",56.739,36.247,147,4
103,291,22,370,"км 370+490 а/д М-10 ""Россия""",57.929,33.552,217,3
104,292,22,385,"км 385+830 а/д М-10 ""Россия""",57.951,33.297,237,3
105,293,22,29,"км 29+746 а/д М-10 ""Россия""",55.9593,37.33738,180,3
106,294,22,81,"км 81+035 а/д М-10 ""Россия""",56.299,36.798,177,3
107,296,22,33,"км 33+930 а/д М-10 ""Россия""",55.98301,37.2876,0,4
108,297,22,421,"км 421+680 а/д М-10 ""Россия""",58.122,32.806,99,4
109,298,22,431,"км 431+600 а/д М-10 ""Россия""",58.181,32.688,61,3
110,301,47,333,"км 333+000 а/д М-1 ""Беларусь""",55.079722222222,32.707777777778,100,3
111,302,16,255,"км 255+000 а/д Р-22 (М-6) ""Каспий""",53.92104,39.530381,170,3
112,303,16,308,"км 308+500 а/д Р-22 (М-6) ""Каспий""",53.590534,40.037844,147,3
113,304,16,360,"км 360+000 а/д Р-22 (М-6) ""Каспий""",53.183084,40.341537,150,3
114,305,16,573,"км 573+150 а/д Р-22 (М-6) ""Каспий""",51.692319,41.88548,179,3
115,306,14,171,км 171+000 а/д Р-193 (1Р-193) Воронеж-Тамбов,52.393,41.0415,193,3
116,307,21,483,км 483+250 а/д Р-228 (1Р-228) Сызрань-Волгоград,50.289917,45.404356,178,3
117,308,16,849,"км 849+000 а/д Р-22 (М-6) ""Каспий""",49.588118,43.713307,74,3
118,309,16,682,"км 682+200 а/д Р-22 (М-6) ""Каспий""",50.808081,42.457086,130,3
119,310,20,39,км 39+500 а/д А-260 (М-21) Волгоград-Каменск-Шахтинский,48.68,44.045,0,3
120,311,50,53,"км 53+050 а/д Р-22 (М-6) ""Каспий"", подъезд к г. Элиста",48.348211,44.613556,0,3
121,313,21,533,км 533+500 а/д Р-228 (1Р-228) Сызрань-Волгоград,49.953221,45.188128,0,3
122,314,21,628,км 628+000 а/д Р-228 (1Р-228) Сызрань-Волгоград,49.179,44.873,19,3
123,315,21,647,км 647+000 а/д Р-228 (1Р-228) Сызрань-Волгоград,49.057,44.809,27,3
124,316,20,183,км 183+000 а/д А-260 (М-21) Волгоград-Каменск-Шахтинский,48.41193,42.2747,316,3
125,319,20,87,км 87+700 а/д А-260 (М-21) Волгоград-Каменск-Шахтинский,48.710191,43.481981,43,3
126,320,33,210,км 210+950 а/д Р-132 (1Р-132) Калуга-Рязань,54.136109,38.794476,163,3
127,321,16,204,"км 204+000 а/д Р-22 (М-6) ""Каспий""",54.262821,39.004979,0,3
128,322,16,477,"км 477+700 а/д Р-22 (М-6) ""Каспий""",52.469317,41.365352,130,3
129,323,16,543,"км 543+000 а/д Р-22 (М-6) ""Каспий""",51.938921,41.75347,168,3
130,324,16,664,"км 664+600 а/д Р-22 (М-6) ""Каспий""",50.941249,42.334465,152,3
131,325,16,824,"км 824+000 а/д Р-22 (М-6) ""Каспий""",49.77664,43.542814,106,3
132,326,16,903,"км 903+750 а/д Р-22 (М-6) ""Каспий""",49.196096,44.086009,50,3
133,359,10,13,км 13+900 а/д А-114 Вологда-Новая Ладога,59.202517,39.65825,100,3
134,360,9,364,"км 364+380 а/д М-8 ""Холмогоры""",58.448,40.321,144,3
135,392,51,9,"км 9+000 а/д Р-22 (М-6) ""Каспий"", северный обход г. Тамбов",52.817,41.387,0,3
136,393,21,507,км 507+000 а/д Р-228 (1Р-228) Сызрань-Волгоград,50.097383333333,45.372083333333,0,3
137,394,20,87,км 87+955 а/д А-260 (М-21) Волгоград-Каменск-Шахтинский,48.705916666667,43.473766666667,0,3
138,395,18,35,"км 35+000 а/д Р-208 (1Р-208, 1Р-209) Тамбов-Пенза",52.702309,41.944368,183,3
139,396,17,3,"км 3+000 а/д Р-22 (М-6) ""Каспий"", подъезд к г. Тамбов",52.73,41.3186,160,3
140,397,16,825,"км 825+000 а/д Р-22 (М-6) ""Каспий""",49.768,43.549,102,3
141,398,16,351,"км 351+000 а/д Р-22 (М-6) ""Каспий""",53.249698,40.248541,0,3
142,399,18,26,"км 26+250 а/д Р-208 (1Р-208, 1Р-209) Тамбов-Пенза",52.675447,41.826834,0,3
143,401,7,217,"км 217+700 а/д М-4 ""Дон""",53.9589,38.0196,177,3
144,402,7,424,"км 424+000 а/д М-4 ""Дон""",52.374066666667,38.900716666667,0,3
145,403,7,542,"км 542+600 а/д М-4 ""Дон""",51.4944,39.5494,110,3
146,404,7,147,"км 147+900 а/д М-4 ""Дон""",54.5679,38.164,228,3
147,405,53,312,"км 312+375 а/д М-4 ""Дон"" (Альтернатива)",53.1628,38.1538,170,3
148,406,53,337,"км 337+100 а/д М-4 ""Дон"" (Альтернатива)",52.9449,38.2368,250,3
149,407,7,496,"км 496+000 а/д М-4 ""Дон""",51.7115,39.3074,166,3
150,408,7,180,"км 180+400 а/д М-4 ""Дон""",54.2786,38.1604,193,3
151,409,7,265,"км 265+200 а/д М-4 ""Дон""",53.557007,38.112704,255,3
152,410,7,590,"км 590+000 а/д М-4 ""Дон""",51.099366666667,39.758066666667,107,3
153,411,7,645,"км 645+105 а/д М-4 ""Дон""",50.6706,40.042433333333,0,3
154,412,13,424,км 424+450 а/д Р-298 (А-144) Курск-Борисоглебск,51.40707,41.760404,104,3
155,413,13,401,км 401+650 а/д Р-298 (А-144) Курск-Борисоглебск,51.437586,41.450048,149,3
156,414,13,287,км 287+990 а/д Р-298 (А-144) Курск-Борисоглебск,51.4705635694278,39.900702238082886,162,3
157,415,13,153,км 153+200 а/д Р-298 (А-144) Курск-Борисоглебск,51.559588,38.244248,126,3
158,416,13,178,км 178+900 а/д Р-298 (А-144) Курск-Борисоглебск,51.5925,38.589283,153,3
159,417,13,215,км 215+200 а/д Р-298 (А-144) Курск-Борисоглебск,51.65037957267258,39.0735787153244,100,3
160,418,13,331,км 331+700 а/д Р-298 (А-144) Курск-Борисоглебск,51.490865863651976,40.48165261745453,105,3
161,419,13,364,км 364+800 а/д Р-298 (А-144) Курск-Борисоглебск,51.44882,40.938589,126,3
162,420,15,158,км 158+450 а/д Р-119 (1Р-119) Орёл-Тамбов,52.440733,37.94905,145,3
163,421,15,173,км 173+150 а/д Р-119 (1Р-119) Орёл-Тамбов,52.51454,38.111584,131,3
164,422,15,250,км 250+070 а/д Р-119 (1Р-119) Орёл-Тамбов,52.579842,38.953861,167,3
165,423,15,292,км 292+130 а/д Р-119 (1Р-119) Орёл-Тамбов,52.647381,39.548531,138,3
166,424,12,10,"км 10+700 а/д А-133, подъезд к г. Липецк",52.26687595135911,39.168652296066284,201,3
167,425,12,49,"км 49+780 а/д А-133, подъезд к г. Липецк",52.51848,39.47018,116,3
168,426,14,37,км 37+755 а/д Р-193 (1Р-193) Воронеж-Тамбов,51.677795,39.68243,158,3
169,427,14,75,км 75+650 а/д Р-193 (1Р-193) Воронеж-Тамбов,51.801395,40.15493,140,3
170,428,14,100,км 100+015 а/д Р-193 (1Р-193) Воронеж-Тамбов,51.900909,40.455078,153,3
171,429,11,8,"км 8+100 а/д А-134, подъезд к г. Воронеж",51.773,39.193,162,3
172,430,7,1491,"км 1491+600 а/д М-4 ""Дон""",44.532633333333,38.270083333333,244,3
173,431,7,1471,"км 1471+400 а/д М-4 ""Дон""",44.468866666667,38.436166666667,172,3
174,432,7,1440,"км 1440+005 а/д М-4 ""Дон""",44.36190968997697,38.715995997190475,16,3
175,433,7,1000,"км 1000+070 а/д М-4 ""Дон""",47.70906,40.09941,136,3
176,434,7,1039,"км 1039+100 а/д М-4 ""Дон""",47.407631,39.972691,136,3
177,435,7,1046,"км 1046+900 а/д М-4 ""Дон""",47.358805,39.885073,100,3
178,436,7,1196,"км 1196+800 а/д М-4 ""Дон""",46.124,39.862,54,3
179,437,7,914,"км 914+100 а/д М-4 ""Дон""",48.45395,40.3412,82,3
180,438,7,548,"км 548+750 а/д М-4 ""Дон""",51.439,39.562,123,3
181,439,11,2,"км 2+800 а/д А-134, подъезд к г. Воронеж",51.82216392039061,39.20942187309265,183,3
182,441,7,54,"км 54+000 а/д М-4 ""Дон""",55.29445,37.84475,0,3
183,442,7,477,"км 477+200 а/д М-4 ""Дон""",51.982865338830194,39.214839935302734,176,2
184,443,11,5,"км 5+200 а/д А-134, подъезд к г. Воронеж",51.798788863747355,39.20228183269501,183,3
185,444,13,448,км 448+000 а/д Р-298 (А-144) Курск-Борисоглебск,0.0,0.0,0,3
186,450,7,420,"км 420+550 а/д М-4 ""Дон""",52.39942134643716,38.85941505432129,106,3
187,451,7,440,"км 440+900 а/д М-4 ""Дон""",52.28173013348467,39.05281841754913,174,3
188,452,7,448,"км 448+530 а/д М-4 ""Дон""",52.21801669126252,39.13622975349426,174,3
189,453,7,458,"км 458+400 а/д М-4 ""Дон""",52.141189527191806,39.20017898082733,122,3
190,454,7,801,"км 801+500 а/д М-4 ""Дон""",49.38215,40.588166666667,182,3
191,455,7,859,"км 859+600 а/д М-4 ""Дон""",48.908016666667,40.467666666667,168,3
192,456,7,983,"км 983+200 а/д М-4 ""Дон""",47.854233333333,40.198133333333,213,3
193,457,7,530,"км 530+300 а/д М-4 ""Дон""",51.58691,39.461,106,3
194,458,7,506,"км 506+000 а/д М-4 ""Дон""",51.74078,39.30796,113,3
195,459,7,673,"км 673+000 а/д М-4 ""Дон""",50.433,40.135,94,3
196,460,7,24,"км 24+600 а/д М-4 ""Дон""",55.55,37.668,0,3
197,461,7,57,"км 57+800 а/д М-4 ""Дон""",55.305,37.817,0,3
198,462,7,108,"км 108+100 а/д М-4 ""Дон""",54.834,38.033,126,3
199,463,7,1250,"км 1250+250 а/д М-4 ""Дон""",45.57293,39.50165,29,3
200,464,7,1365,"км 1365+464 а/д М-4 ""Дон""",44.80188,39.23098,34,3
201,465,7,1339,"км 1339+950 а/д М-4 ""Дон""",45.005533333333,39.115483333333,26,3
202,466,7,1412,"км 1412+500 а/д М-4 ""Дон""",44.5043,38.908416666667,331,3
203,467,7,288,"км 288+030 а/д М-4 ""Дон""",53.36803181514417,38.18364858627319,170,3
204,468,7,311,"км 311+800 а/д М-4 ""Дон""",53.16285138094616,38.248322010040276,234,3
205,469,7,242,"км 242+000 а/д М-4 ""Дон""",53.76065877363702,38.0314975976944,64,3
206,470,14,13,км 13+650 а/д Р-193 (1Р-193) Воронеж-Тамбов,51.68269345392348,39.34669733047485,101,3
207,471,14,54,км 54+505 а/д Р-193 (1Р-193) Воронеж-Тамбов,51.687641,39.924923,131,3
208,472,13,199,км 199+600 а/д Р-298 (А-144) Курск-Борисоглебск,51.6434393306236,38.84786546230316,183,3
209,473,15,315,км 315+950 а/д Р-119 (1Р-119) Орёл-Тамбов,52.58965541448523,39.885955452919006,127,3
210,474,49,449,"км 449+485 а/д Р-22 (М-6) ""Каспий"", подъезд к г. Саратов",51.376024244551054,42.05459117889404,114,3
211,475,49,504,"км 504+283 а/д Р-22 (М-6) ""Каспий"", подъезд к г. Саратов",51.426716,42.799221,157,3
212,476,7,711,"км 711+200 а/д М-4 ""Дон""",50.184,40.416,107,3
213,477,11,12,"км 12+200 а/д А-134, подъезд к г. Воронеж",51.75504978043886,39.18774962425232,0,3
214,478,7,595,"км 595+400 а/д М-4 ""Дон""",51.075211,39.824446,115,3
215,479,7,1504,"км 1504+650 а/д М-4 ""Дон""",0.0,0.0,0,3
216,480,7,1458,"км 1458+800 а/д М-4 ""Дон""",44.386,38.527,43,3
217,481,7,1430,"км 1430+150 а/д М-4 ""Дон""",44.431,38.772,56,3
218,482,7,1383,"км 1383+650 а/д М-4 ""Дон""",44.653,39.153,77,3
219,483,7,1329,"км 1329+600 а/д М-4 ""Дон""",45.094907,39.134588,81,3
220,484,7,1089,"км 1089+500 а/д М-4 ""Дон""",47.064763,39.745844,100,3
221,485,7,1077,"км 1077+100 а/д М-4 ""Дон""",47.115461,39.8523,38,3
222,486,7,778,"км 778+800 а/д М-4 ""Дон""",49.576,40.564,21,3
223,487,7,1175,"км 1175+000 а/д М-4 ""Дон""",46.305,39.811,0,3
224,488,7,1182,"км 1182+250 а/д М-4 ""Дон""",46.25,39.832,0,3
225,489,7,741,"км 741+000 а/д М-4 ""Дон""",49.915,40.52,60,2
226,490,13,206,км 206+100 а/д Р-298 (А-144) Курск-Борисоглебск,51.63414739632315,38.95329773426056,106,3
227,491,13,170,км 170+050 а/д Р-298 (А-144) Курск-Борисоглебск,51.571,38.475,132,3
228,492,49,479,"км 479+745 а/д Р-22 (М-6) ""Каспий"", подъезд к г. Саратов",51.371765,42.509029,103,3
229,493,12,36,"км 36+900 а/д А-133, подъезд к г. Липецк",52.464,39.332,177,3
230,494,15,280,км 280+900 а/д Р-119 (1Р-119) Орёл-Тамбов,52.600350376917966,39.40123200416564,96,3
231,495,14,23,км 23+840 а/д Р-193 (1Р-193) Воронеж-Тамбов,51.68539,39.486935,167,3
232,496,15,301,км 301+550 а/д Р-119 (1Р-119) Орёл-Тамбов,52.64393604293891,39.69392538070679,95,3
233,498,49,478,"км 478+742 а/д Р-22 (М-6) ""Каспий"", подъезд к г. Саратов",51.3742,42.4947,123,3
234,499,11,11,"км 11+600 а/д А-134, подъезд к г. Воронеж",51.737293235357605,39.18078660964966,121,3
235,500,7,68,"км 68+400 а/д М-4 ""Дон""",55.184883,37.90125,179,3
236,501,7,934,"км 934+400 а/д М-4 ""Дон""",48.275307,40.294056,103,3
237,502,7,1061,"км 1061+350 а/д М-4 ""Дон""",47.244241,39.848409,22,3
238,503,7,1024,"км 1024+100 а/д М-4 ""Дон""",47.424,39.976,85,3
239,504,7,954,"км 954+750 а/д М-4 ""Дон""",48.1,40.259,241,3
240,505,7,881,"км 881+300 а/д М-4 ""Дон""",48.736666666667,40.370166666667,77,3
241,506,7,827,"км 827+750 а/д М-4 ""Дон""",49.170734,40.60266,73,3
242,507,7,1142,"км 1142+900 а/д М-4 ""Дон""",46.58,39.67,31,3
243,508,7,1158,"км 1158+400 а/д М-4 ""Дон""",46.443,39.716,45,3
244,509,7,1232,"км 1232+000 а/д М-4 ""Дон""",45.842,39.68,43,3
245,510,7,1279,"км 1279+000 а/д М-4 ""Дон""",45.473033333333,39.398283333333,0,3
246,511,7,1302,"км 1302+250 а/д М-4 ""Дон""",45.302066666667,39.232416666667,0,3
247,512,7,1394,"км 1394+400 а/д М-4 ""Дон""",44.598333333333,39.04805,95,3
248,513,7,1527,"км 1527+150 а/д М-4 ""Дон""",44.667683333333,37.913133333333,0,3
249,514,61,47,км 47+000 а/д А-149 Адлер-Красная поляна,43.649,40.143,316,3
250,515,411,1,"км 1+500 а/д А-147 (М-27), обход г. Сочи",43.5525,39.7965,34,3
251,516,66,80,км 80+000 а/д А-147 (М-27) Джубга-Сочи,44.025,39.158,74,3
252,517,61,11,км 11+831 а/д А-149 Адлер-Красная поляна,43.517972222222,39.992916666667,73,3
253,518,61,20,км 20+095 а/д А-149 Адлер-Красная поляна,43.587083333333,40.007194444444,216,3
254,519,61,28,км 28+900 а/д А-149 Адлер-Красная поляна,43.63,40.085,210,3
255,520,61,42,км 42+646 а/д А-149 Адлер-Красная поляна,43.683,40.224,512,3
256,521,66,102,км 102+120 а/д А-147 (М-27) Джубга-Сочи,43.945,39.302,81,3
257,522,66,123,км 123+660 а/д А-147 (М-27) Джубга-Сочи,43.838,39.422,30,3
258,523,66,169,км 169+480 а/д А-147 (М-27) Джубга-Сочи,43.646,39.691,165,3
259,524,66,206,км 206+910 а/д А-147 (М-27) Джубга-Сочи,43.424,39.932,13,3
260,525,61,28,км 28+900 а/д А-149 Адлер-Красная поляна,43.63,40.085,210,3
261,534,112,7,"км 7+872 а/д Р-217 (М-29) ""Кавказ"", подъезд к г. Майкоп",44.9,41.016,268,3
262,535,112,19,"км 19+500 а/д Р-217 (М-29) ""Кавказ"", подъезд к г. Майкоп",44.818,40.94,231,3
263,536,112,23,"км 23+194 а/д Р-217 (М-29) ""Кавказ"", подъезд к г. Майкоп",44.796,40.908,250,3
264,538,65,16,км 16+600 а/д А-146 Краснодар-Верхнебаканский,44.981,38.949,23,3
265,539,65,32,км 32+537 а/д А-146 Краснодар-Верхнебаканский,44.873,38.76,59,3
266,540,65,64,км 64+289 а/д А-146 Краснодар-Верхнебаканский,44.86,38.47,66,3
267,541,65,80,км 80+645 а/д А-146 Краснодар-Верхнебаканский,44.839,38.289,38,3
268,542,65,103,км 103+050 а/д А-146 Краснодар-Верхнебаканский,44.893,38.063,31,3
269,543,65,130,км 130+810 а/д А-146 Краснодар-Верхнебаканский,44.867,37.746,139,2
270,544,65,138,км 138+673 а/д А-146 Краснодар-Верхнебаканский,44.839,37.669,205,3
271,545,63,20,км 20+446 а/д А-290 (М-25) Новороссийск-Керчь,44.858,37.637,130,3
272,546,63,42,км 42+674 а/д А-290 (М-25) Новороссийск-Керчь,44.913,37.404,13,3
273,547,63,68,км 68+130 а/д А-290 (М-25) Новороссийск-Керчь,45.09,37.317,36,3
274,548,63,79,км 79+060 а/д А-290 (М-25) Новороссийск-Керчь,45.168,37.281,57,3
275,549,63,106,км 106+989 а/д А-290 (М-25) Новороссийск-Керчь,45.296,37.013,23,3
276,550,63,133,км 133+021 а/д А-290 (М-25) Новороссийск-Керчь,45.414,36.769,5,3
277,551,64,1,"км 1+000 а/д Р-217 (М-29) ""Кавказ""",46.116194,39.872142,51,3
278,552,110,67,км 67+109 а/д А-160 (1Р-253) Майкоп-Кореновск,45.091,39.632,61,3
279,553,111,48,"км 48+780 а/д А-159, подъезд к ""КГБЗ""",44.236,40.204,443,3
280,584,66,135,км 135+000 а/д А-147 (М-27) Джубга-Сочи,43.798699833332996,39.4714,9,3
281,585,63,75,км 75+000 а/д А-290 (М-25) Новороссийск-Керчь,45.1467,37.310999833333,0,4
282,586,411,17,"км 17+000 а/д А-147 (М-27), обход г. Сочи",43.63995,39.700283333333,31,3
283,587,66,19,км 19+000 а/д А-147 (М-27) Джубга-Сочи,44.2551,38.8308,53,4
284,588,66,8,км 8+850 а/д А-147 (М-27) Джубга-Сочи,44.3,38.726,260,3
285,589,65,140,км 140+000 а/д А-146 Краснодар-Верхнебаканский,44.836,37.664,246,4
286,590,64,99,"км 99+000 а/д Р-217 (М-29) ""Кавказ""",45.385867,40.553005,75,4
287,591,61,47,км 47+000 а/д А-149 Адлер-Красная поляна,43.654175,40.154222222222,315,3
288,592,63,75,км 75+000 а/д А-290 (М-25) Новороссийск-Керчь,45.1467,37.310999833333,0,3
289,593,66,8,км 8+850 а/д А-147 (М-27) Джубга-Сочи,44.3,38.726,260,3
290,595,411,1,"км 1+500 а/д А-147 (М-27), обход г. Сочи",43.5525,39.7965,34,3
291,596,66,135,км 135+000 а/д А-147 (М-27) Джубга-Сочи,43.798699833332996,39.4714,9,3
292,597,66,80,км 80+000 а/д А-147 (М-27) Джубга-Сочи,44.01,39.175,0,3
293,598,65,139,км 139+400 а/д А-146 Краснодар-Верхнебаканский,44.837,37.6657,226,3
294,599,65,46,км 46+000 а/д А-146 Краснодар-Верхнебаканский,44.832080555556,38.666866666667,49,3
295,601,32,9,км 9+000 а/д А-240 (М-13) Брянск-Новозыбков,53.203729,34.252818,188,3
296,602,22,117,"км 117+185 а/д М-10 ""Россия""",56.572,36.52,190,3
297,603,209,6,"км 6+900 а/д А-132, подъезд к г. Смоленск",54.82063,32.08899,100,3
298,604,29,249,"км 249+000 а/д М-3 ""Украина""",54.119,35.261,235,3
299,605,24,206,км 206+200 а/д Р-120 (А-141) Орёл-Смоленск,53.642052,33.4528,287,3
300,606,24,332,км 332+700 а/д Р-120 (А-141) Орёл-Смоленск,54.491751,32.309686,237,3
301,607,23,351,км 351+400 а/д А-130 (А-101) Москва-Рославль,54.125104,33.329172,182,3
302,608,24,145,км 145+500 а/д Р-120 (А-141) Орёл-Смоленск,53.29936,34.09166,185,3
303,609,24,9,км 9+300 а/д Р-120 (А-141) Орёл-Смоленск,52.951453,35.916367,180,3
304,610,24,102,км 102+300 а/д Р-120 (А-141) Орёл-Смоленск,53.176801,34.679332,186,3
305,611,24,386,км 386+850 а/д Р-120 (А-141) Орёл-Смоленск,54.778728,31.801761,189,3
306,612,34,23,км 23+000 а/д Р-92 (1Р-92) Калуга-Орёл,54.331,36.181,157,3
307,613,34,40,км 40+050 а/д Р-92 (1Р-92) Калуга-Орёл,54.202083,36.089412,165,3
308,614,33,51,км 51+800 а/д Р-132 (1Р-132) Калуга-Рязань,54.339412,36.885066,254,3
309,615,23,111,км 111+400 а/д А-130 (А-101) Москва-Рославль,55.06057,36.585245,144,3
310,616,23,141,км 141+800 а/д А-130 (А-101) Москва-Рославль,54.97555,36.16143,100,3
311,617,23,173,км 173+300 а/д А-130 (А-101) Москва-Рославль,54.908227,35.693861,226,3
312,618,24,63,км 63+400 а/д Р-120 (А-141) Орёл-Смоленск,53.079142,35.229442,273,3
313,619,24,82,км 82+700 а/д Р-120 (А-141) Орёл-Смоленск,53.124115,34.953609,200,3
314,620,24,132,км 132+200 а/д Р-120 (А-141) Орёл-Смоленск,53.267193,34.280444,0,3
315,621,24,190,км 190+900 а/д Р-120 (А-141) Орёл-Смоленск,53.523233,33.554392,194,3
316,622,24,256,км 256+050 а/д Р-120 (А-141) Орёл-Смоленск,53.923558,32.898613,208,3
317,623,24,269,км 269+400 а/д Р-120 (А-141) Орёл-Смоленск,54.01537,32.798079,209,3
318,624,24,291,км 291+800 а/д Р-120 (А-141) Орёл-Смоленск,54.194158,32.640552,219,3
319,625,24,309,км 309+700 а/д Р-120 (А-141) Орёл-Смоленск,54.310798,32.463731,224,3
320,626,24,351,км 351+550 а/д Р-120 (А-141) Орёл-Смоленск,54.646435,32.171971,244,3
321,627,24,375,км 375+000 а/д Р-120 (А-141) Орёл-Смоленск,54.791274,31.979463,193,3
322,628,24,443,км 443+400 а/д Р-120 (А-141) Орёл-Смоленск,54.971884,31.005971,220,3
323,629,32,28,км 28+000 а/д А-240 (М-13) Брянск-Новозыбков,53.101,34.05,200,3
324,630,30,8,"км 8+850 а/д М-3 ""Украина"", подъезд к г. Калуга",54.548907,36.143222,154,3
325,631,34,11,км 11+202 а/д Р-92 (1Р-92) Калуга-Орёл,54.46561064146416,36.23679399490356,0,3
326,632,24,20,км 20+970 а/д Р-120 (А-141) Орёл-Смоленск,52.967255,35.702316,226,3
327,633,27,15,"км 15+300 а/д Р-120 (А-141), обход г. Брянск",53.171,34.335,154,3
328,634,23,295,км 295+400 а/д А-130 (А-101) Москва-Рославль,54.353423,34.093151,209,3
329,635,23,267,км 267+600 а/д А-130 (А-101) Москва-Рославль,54.492869,34.443426,266,2
330,636,23,243,км 243+500 а/д А-130 (А-101) Москва-Рославль,54.608726,34.74894,209,3
331,637,23,129,км 129+800 а/д А-130 (А-101) Москва-Рославль,54.995127,36.338117,195,3
332,638,23,322,км 322+800 а/д А-130 (А-101) Москва-Рославль,54.23669,33.71866,130,3
333,639,23,427,км 427+400 а/д А-130 (А-101) Москва-Рославль,53.788686,32.334963,215,3
334,640,24,324,км 324+550 а/д Р-120 (А-141) Орёл-Смоленск,54.429557,32.363749,209,3
335,641,24,417,км 417+300 а/д Р-120 (А-141) Орёл-Смоленск,54.863651,31.36528,0,3
336,642,24,219,км 219+800 а/д Р-120 (А-141) Орёл-Смоленск,53.730508,33.331929,217,3
337,643,32,219,км 219+500 а/д А-240 (М-13) Брянск-Новозыбков,52.441684,31.633575,175,3
338,644,23,204,км 204+050 а/д А-130 (А-101) Москва-Рославль,54.764645,35.291862,175,3
339,667,23,130,км 130+000 а/д А-130 (А-101) Москва-Рославль,0.0,0.0,0,3
340,668,23,135,км 135+000 а/д А-130 (А-101) Москва-Рославль,0.0,0.0,0,3
341,669,23,141,км 141+800 а/д А-130 (А-101) Москва-Рославль,54.97555,36.16143,100,3
342,670,23,174,км 174+000 а/д А-130 (А-101) Москва-Рославль,0.0,0.0,0,3
343,671,24,220,км 220+000 а/д Р-120 (А-141) Орёл-Смоленск,0.0,0.0,0,3
344,672,34,22,км 22+000 а/д Р-92 (1Р-92) Калуга-Орёл,0.0,0.0,0,3
345,673,34,24,км 24+000 а/д Р-92 (1Р-92) Калуга-Орёл,0.0,0.0,0,3
346,674,32,18,км 18+000 а/д А-240 (М-13) Брянск-Новозыбков,0.0,0.0,0,3
347,675,32,28,км 28+000 а/д А-240 (М-13) Брянск-Новозыбков,53.101,34.05,200,3
348,676,32,5,км 5+000 а/д А-240 (М-13) Брянск-Новозыбков,0.0,0.0,0,3
349,677,32,7,км 7+000 а/д А-240 (М-13) Брянск-Новозыбков,0.0,0.0,0,3
350,678,33,51,км 51+800 а/д Р-132 (1Р-132) Калуга-Рязань,54.339412,36.885066,254,3
351,679,33,7,км 7+000 а/д Р-132 (1Р-132) Калуга-Рязань,54.465,36.254,196,3
352,680,24,132,км 132+200 а/д Р-120 (А-141) Орёл-Смоленск,53.267193,34.280444,0,3
353,681,24,17,км 17+000 а/д Р-120 (А-141) Орёл-Смоленск,52.958,35.741,223,3
354,682,24,191,км 191+000 а/д Р-120 (А-141) Орёл-Смоленск,0.0,0.0,0,3
355,683,24,193,км 193+000 а/д Р-120 (А-141) Орёл-Смоленск,0.0,0.0,0,3
356,684,24,269,км 269+400 а/д Р-120 (А-141) Орёл-Смоленск,54.01537,32.798079,209,3
357,685,24,278,км 278+000 а/д Р-120 (А-141) Орёл-Смоленск,0.0,0.0,0,3
358,686,24,292,км 292+000 а/д Р-120 (А-141) Орёл-Смоленск,0.0,0.0,0,3
359,687,24,316,км 316+000 а/д Р-120 (А-141) Орёл-Смоленск,0.0,0.0,0,3
360,688,24,317,км 317+000 а/д Р-120 (А-141) Орёл-Смоленск,0.0,0.0,0,3
361,689,24,352,км 352+000 а/д Р-120 (А-141) Орёл-Смоленск,0.0,0.0,0,3
362,690,24,355,км 355+000 а/д Р-120 (А-141) Орёл-Смоленск,0.0,0.0,0,3
363,691,24,356,км 356+000 а/д Р-120 (А-141) Орёл-Смоленск,0.0,0.0,0,3
364,692,34,39,км 39+000 а/д Р-92 (1Р-92) Калуга-Орёл,0.0,0.0,0,3
365,693,24,388,км 388+000 а/д Р-120 (А-141) Орёл-Смоленск,54.756,32.079,249,3
366,694,24,443,км 443+400 а/д Р-120 (А-141) Орёл-Смоленск,54.971884,31.005971,220,3
367,695,24,76,км 76+000 а/д Р-120 (А-141) Орёл-Смоленск,0.0,0.0,0,3
368,696,24,80,км 80+000 а/д Р-120 (А-141) Орёл-Смоленск,0.0,0.0,0,3
369,697,24,11,км 11+000 а/д Р-120 (А-141) Орёл-Смоленск,0.0,0.0,0,3
370,698,23,267,км 267+600 а/д А-130 (А-101) Москва-Рославль,54.492869,34.443426,266,3
371,699,209,6,"км 6+900 а/д А-132, подъезд к г. Смоленск",54.82063,32.08899,100,3
372,701,263,0,"км 0+345 а/д Р-256 (М-52) ""Чуйский тракт"", обход г. Бийск",52.580035,85.176295,0,3
373,702,85,453,"км 453+000 а/д Р-256 (М-52) ""Чуйский тракт""",51.914473,85.862455,0,3
374,704,85,184,"км 184+600 а/д Р-256 (М-52) ""Чуйский тракт""",53.59792347940524,83.76023232936859,0,3
375,801,9,272,"км 272+000 а/д М-8 ""Холмогоры""",57.68101,39.87104,97,3
376,802,9,451,"км 451+000 а/д М-8 ""Холмогоры""",59.153,39.934,165,3
377,803,9,273,"км 273+000 а/д М-8 ""Холмогоры""",57.68888,39.9,93,3
378,804,9,495,"км 495+800 а/д М-8 ""Холмогоры""",59.42395,40.223828,112,3
379,805,9,528,"км 528+900 а/д М-8 ""Холмогоры""",59.6542333333,40.5719833333,148,3
380,806,9,1061,"км 1061+990 а/д М-8 ""Холмогоры""",63.4791,41.77795,0,3
381,807,9,1225,"км 1225+200 а/д М-8 ""Холмогоры""",64.509117,40.54435,0,3
382,808,9,556,"км 556+850 а/д М-8 ""Холмогоры""",59.85,40.859,197,3
383,809,9,607,"км 607+400 а/д М-8 ""Холмогоры""",60.213,41.316,161,3
384,810,9,659,"км 659+200 а/д М-8 ""Холмогоры""",60.5874,41.721,149,3
385,811,9,722,"км 722+000 а/д М-8 ""Холмогоры""",61.074,42.024,105,3
386,812,10,13,км 13+900 а/д А-114 Вологда-Новая Ладога,59.202517,39.65825,100,3
387,813,9,336,"км 336+000 а/д М-8 ""Холмогоры""",58.222,40.159,133,3
388,814,9,364,"км 364+380 а/д М-8 ""Холмогоры""",58.448,40.321,144,3
389,815,9,395,"км 395+000 а/д М-8 ""Холмогоры""",58.7089666667,40.2970166667,184,3
390,816,9,417,"км 417+000 а/д М-8 ""Холмогоры""",58.8864833333,40.1898666667,189,3
391,817,9,857,"км 857+600 а/д М-8 ""Холмогоры""",62.10115,42.807633333333,40,3
392,818,10,52,км 52+000 а/д А-114 Вологда-Новая Ладога,59.11844,39.0,137,3
393,819,10,84,км 84+000 а/д А-114 Вологда-Новая Ладога,59.2144,38.49275,97,3
394,820,10,117,км 117+720 а/д А-114 Вологда-Новая Ладога,59.266514,37.982956,117,3
395,821,9,938,"км 938+100 а/д М-8 ""Холмогоры""",62.643921,42.927942,0,3
396,822,9,965,"км 965+500 а/д М-8 ""Холмогоры""",62.838933333333,42.7535,0,3
397,823,9,1005,"км 1005+400 а/д М-8 ""Холмогоры""",63.047767,42.160883,30,3
398,824,9,1098,"км 1098+000 а/д М-8 ""Холмогоры""",63.733999,41.413446,31,3
399,825,9,1150,"км 1150+955 а/д М-8 ""Холмогоры""",64.223378,41.209348,28,3
400,826,9,1191,"км 1191+000 а/д М-8 ""Холмогоры""",64.292293,40.876666,31,3
401,827,10,284,км 284+000 а/д А-114 Вологда-Новая Ладога,58.96043333,35.56285,0,3
402,828,10,321,км 321+000 а/д А-114 Вологда-Новая Ладога,59.18283,35.101691,0,3
403,829,10,134,км 134+000 а/д А-114 Вологда-Новая Ладога,59.2014,37.78097,0,3
404,830,10,148,км 148+000 а/д А-114 Вологда-Новая Ладога,59.18233333,37.53245,100,3
405,831,10,183,км 183+000 а/д А-114 Вологда-Новая Ладога,58.92535,37.24373333,0,3
406,832,10,223,км 223+000 а/д А-114 Вологда-Новая Ладога,58.97265,36.58983333,0,3
407,833,9,473,"км 473+073 а/д М-8 ""Холмогоры""",59.291,39.928,120,3
408,834,9,757,"км 757+050 а/д М-8 ""Холмогоры""",61.2876,42.3751,68,3
409,835,9,804,"км 804+500 а/д М-8 ""Холмогоры""",61.677,42.5,51,3
410,836,9,305,"км 305+000 а/д М-8 ""Холмогоры""",57.957,40.016,133,3
411,837,68,20,"км 20+465 а/д М-8 ""Холмогоры"", подъезд к г. Северодвинск",64.538,40.155,21,3
412,838,9,895,"км 895+000 а/д М-8 ""Холмогоры""",62.389,42.891,51,3
413,839,10,251,км 251+000 а/д А-114 Вологда-Новая Ладога,58.945,36.132,132,3
414,852,9,659,"км 659+200 а/д М-8 ""Холмогоры""",60.5874,41.721,149,3
415,853,9,556,"км 556+850 а/д М-8 ""Холмогоры""",59.85,40.859,197,3
416,854,9,451,"км 451+000 а/д М-8 ""Холмогоры""",59.153,39.934,165,3
417,855,10,45,км 45+000 а/д А-114 Вологда-Новая Ладога,59.121,39.128,195,3
418,856,10,37,км 37+300 а/д А-114 Вологда-Новая Ладога,59.135367,39.2671,182,3
419,857,10,251,км 251+000 а/д А-114 Вологда-Новая Ладога,58.945,36.132,132,3
420,858,9,895,"км 895+000 а/д М-8 ""Холмогоры""",62.389,42.891,51,3
421,859,68,20,"км 20+465 а/д М-8 ""Холмогоры"", подъезд к г. Северодвинск",64.538,40.155,21,3
422,860,9,305,"км 305+000 а/д М-8 ""Холмогоры""",57.957,40.016,133,3
423,861,9,336,"км 336+000 а/д М-8 ""Холмогоры""",58.222,40.159,133,3
424,862,9,253,"км 253+000 а/д М-8 ""Холмогоры""",57.597969,39.801624,90,3
425,863,9,231,"км 231+000 а/д М-8 ""Холмогоры""",57.432387,39.69554,168,3
426,864,9,556,"км 556+850 а/д М-8 ""Холмогоры""",59.85,40.859,197,3
427,865,9,804,"км 804+500 а/д М-8 ""Холмогоры""",61.677,42.5,51,3
428,866,9,757,"км 757+050 а/д М-8 ""Холмогоры""",61.2876,42.3751,68,3
429,867,9,473,"км 473+073 а/д М-8 ""Холмогоры""",59.291,39.928,120,3
430,868,10,223,км 223+000 а/д А-114 Вологда-Новая Ладога,58.97265,36.58983333,0,3
431,869,10,134,км 134+000 а/д А-114 Вологда-Новая Ладога,59.2014,37.78097,0,3
432,870,10,148,км 148+000 а/д А-114 Вологда-Новая Ладога,59.18233333,37.53245,100,3
433,871,10,321,км 321+000 а/д А-114 Вологда-Новая Ладога,59.18283,35.101691,0,3
434,872,10,284,км 284+000 а/д А-114 Вологда-Новая Ладога,58.96043333,35.56285,0,3
435,873,10,52,км 52+000 а/д А-114 Вологда-Новая Ладога,59.11844,39.0,137,3
436,874,10,45,км 45+000 а/д А-114 Вологда-Новая Ладога,59.121,39.128,195,3
437,875,10,37,км 37+300 а/д А-114 Вологда-Новая Ладога,59.135367,39.2671,182,3
438,876,10,25,км 25+800 а/д А-114 Вологда-Новая Ладога,59.168483,39.456417,128,3
439,877,10,84,км 84+000 а/д А-114 Вологда-Новая Ладога,59.2144,38.49275,97,3
440,878,10,117,км 117+720 а/д А-114 Вологда-Новая Ладога,59.266514,37.982956,117,3
441,879,9,607,"км 607+400 а/д М-8 ""Холмогоры""",60.213,41.316,161,3
442,881,9,528,"км 528+900 а/д М-8 ""Холмогоры""",59.6542333333,40.5719833333,148,3
443,882,9,965,"км 965+500 а/д М-8 ""Холмогоры""",62.838933333333,42.7535,0,3
444,884,9,722,"км 722+000 а/д М-8 ""Холмогоры""",61.074,42.024,105,3
445,885,9,495,"км 495+800 а/д М-8 ""Холмогоры""",59.42395,40.223828,112,3
446,886,9,417,"км 417+000 а/д М-8 ""Холмогоры""",58.8864833333,40.1898666667,189,3
447,887,9,395,"км 395+000 а/д М-8 ""Холмогоры""",58.7089666667,40.2970166667,184,3
448,888,10,25,км 25+800 а/д А-114 Вологда-Новая Ладога,59.168483,39.456417,128,3
449,889,9,1225,"км 1225+200 а/д М-8 ""Холмогоры""",64.509117,40.54435,0,3
450,890,9,938,"км 938+100 а/д М-8 ""Холмогоры""",62.643921,42.927942,0,3
451,891,9,1191,"км 1191+000 а/д М-8 ""Холмогоры""",64.292293,40.876666,31,3
452,893,9,1150,"км 1150+955 а/д М-8 ""Холмогоры""",64.223378,41.209348,28,3
453,895,9,1098,"км 1098+000 а/д М-8 ""Холмогоры""",63.733999,41.413446,31,3
454,897,9,1061,"км 1061+990 а/д М-8 ""Холмогоры""",63.4791,41.77795,0,3
455,898,9,1005,"км 1005+400 а/д М-8 ""Холмогоры""",63.047767,42.160883,30,3
456,1007,36,210,"км 210+800 а/д Р-21 (М-18) ""Кола""",60.66376,33.346016,0,3
457,1008,53,384,"км 384+000 а/д М-4 ""Дон"" (Альтернатива)",52.58725999337787,38.509182929992676,0,3
458,1011,7,741,"км 741+000 а/д М-4 ""Дон""",49.915,40.52,60,3
459,1012,77,110,"км 110+080 а/д А-180 (М-11) ""Нарва""",59.44,28.835,82,3
460,1013,7,173,"км 173+000 а/д М-4 ""Дон""",54.342366666667,38.15435,0,3
461,1014,53,359,"км 359+000 а/д М-4 ""Дон"" (Альтернатива)",52.762383333333,38.32275,0,3
462,1015,7,242,"км 242+000 а/д М-4 ""Дон""",53.76065877363702,38.0314975976944,64,3
463,1016,7,669,"км 669+390 а/д М-4 ""Дон""",50.469486,40.139347,93,3
464,1018,80,148,км 148+500 а/д Р-23 (М-20) Санкт-Петербург-Невель,58.703834,29.881307,0,3
465,1019,7,645,"км 645+105 а/д М-4 ""Дон""",50.6706,40.042433333333,0,3
466,1023,7,492,"км 492+000 а/д М-4 ""Дон""",51.846233333333004,39.215116666667,0,3
467,1024,7,482,"км 482+850 а/д М-4 ""Дон""",51.94235,39.22205,0,3
468,1025,7,424,"км 424+000 а/д М-4 ""Дон""",52.374066666667,38.900716666667,0,3
469,1026,13,179,км 179+000 а/д Р-298 (А-144) Курск-Борисоглебск,51.5925,38.589283,0,3
470,1028,23,125,км 125+000 а/д А-130 (А-101) Москва-Рославль,55.011897,36.462555,0,3
471,1031,24,88,км 88+000 а/д Р-120 (А-141) Орёл-Смоленск,53.118,34.984,234,3
472,1032,31,113,"км 113+000 а/д М-3 ""Украина"", подъезд к г. Брянск",53.199,34.526,178,3
473,1033,293,39,"км 39+000 а/д Р-132 (1Р-132), обход г. Калуга",54.475,36.258,196,3
474,1034,32,10,км 10+000 а/д А-240 (М-13) Брянск-Новозыбков,53.206,34.255,188,3
475,1035,24,388,км 388+000 а/д Р-120 (А-141) Орёл-Смоленск,54.756,32.079,249,3
476,1036,24,270,км 270+000 а/д Р-120 (А-141) Орёл-Смоленск,54.03,32.793,186,3
477,1037,23,207,км 207+000 а/д А-130 (А-101) Москва-Рославль,54.759,35.251,176,3
478,1040,24,18,км 18+000 а/д Р-120 (А-141) Орёл-Смоленск,52.964,35.746,223,3
479,1042,32,220,км 220+000 а/д А-240 (М-13) Брянск-Новозыбков,52.447,31.644,140,3
480,1043,24,147,км 147+000 а/д Р-120 (А-141) Орёл-Смоленск,53.31,34.098,185,3
481,1044,23,129,км 129+800 а/д А-130 (А-101) Москва-Рославль,54.995127,36.338117,195,3
482,1045,23,428,км 428+000 а/д А-130 (А-101) Москва-Рославль,53.793,32.338,216,3
483,1046,24,312,км 312+000 а/д Р-120 (А-141) Орёл-Смоленск,54.333787,32.444472,220,3
484,1047,24,443,км 443+400 а/д Р-120 (А-141) Орёл-Смоленск,54.971884,31.005971,220,3
485,1048,7,861,"км 861+350 а/д М-4 ""Дон""",48.908016666667,40.467666666667,0,3
486,1049,7,934,"км 934+150 а/д М-4 ""Дон""",48.302216666667,40.304333333333,0,3
487,1050,7,993,"км 993+800 а/д М-4 ""Дон""",47.76245,40.1506,0,3
488,1054,7,1056,"км 1056+900 а/д М-4 ""Дон""",47.288466666667,39.85055,0,3
489,1055,7,1077,"км 1077+100 а/д М-4 ""Дон""",47.115461,39.8523,38,3
490,1056,7,1089,"км 1089+500 а/д М-4 ""Дон""",47.065,39.746,100,3
491,1057,7,1389,"км 1389+000 а/д М-4 ""Дон""",44.6293,39.09445,0,3
492,1059,7,801,"км 801+500 а/д М-4 ""Дон""",49.38215,40.588166666667,182,3
493,1060,7,1036,"км 1036+200 а/д М-4 ""Дон""",47.42355,39.97548,0,3
494,1061,7,1058,"км 1058+250 а/д М-4 ""Дон""",47.270683333333,39.854866666667,0,3
495,1062,7,1232,"км 1232+000 а/д М-4 ""Дон""",45.842,39.68,43,3
496,1063,7,1279,"км 1279+000 а/д М-4 ""Дон""",45.473033333333,39.398283333333,0,3
497,1064,7,1302,"км 1302+250 а/д М-4 ""Дон""",45.302066666667,39.232416666667,0,3
498,1065,7,1337,"км 1337+100 а/д М-4 ""Дон""",45.029416666667,39.129916666667,0,3
499,1066,7,1515,"км 1515+200 а/д М-4 ""Дон""",44.607966666667,38.0329,0,3
500,1067,7,1527,"км 1527+150 а/д М-4 ""Дон""",44.667683333333,37.913133333333,0,3
501,1068,7,1198,"км 1198+500 а/д М-4 ""Дон""",46.117233333333,39.844016666667,0,3
502,1069,30,9,"км 9+000 а/д М-3 ""Украина"", подъезд к г. Калуга",54.558,36.151,152,3
503,1070,33,5,км 5+010 а/д Р-132 (1Р-132) Калуга-Рязань,54.464382,36.240006,0,3
504,1071,34,23,км 23+000 а/д Р-92 (1Р-92) Калуга-Орёл,54.331,36.181,157,3
505,1072,33,51,км 51+800 а/д Р-132 (1Р-132) Калуга-Рязань,54.339412,36.885066,254,3
506,1073,23,95,км 95+500 а/д А-130 (А-101) Москва-Рославль,55.141735,36.791828,100,3
507,1074,23,361,км 361+000 а/д А-130 (А-101) Москва-Рославль,53.998,32.941,188,3
508,1076,32,77,км 77+000 а/д А-240 (М-13) Брянск-Новозыбков,52.901,33.469,142,3
509,1077,24,132,км 132+200 а/д Р-120 (А-141) Орёл-Смоленск,53.267193,34.280444,0,3
510,1082,13,215,км 215+200 а/д Р-298 (А-144) Курск-Борисоглебск,51.65037957267258,39.0735787153244,100,3
511,1083,13,153,км 153+200 а/д Р-298 (А-144) Курск-Борисоглебск,51.559588,38.244248,126,3
512,1085,14,100,км 100+015 а/д Р-193 (1Р-193) Воронеж-Тамбов,51.916211,40.47092,0,3
513,1088,53,461,"км 461+000 а/д М-4 ""Дон"" (Альтернатива)",52.163294,39.136872,0,3
514,1089,7,380,"км 380+000 а/д М-4 ""Дон""",52.665186,38.580942,0,3
515,1090,36,436,"км 436+450 а/д Р-21 (М-18) ""Кола""",61.889981,34.249631,33,3
516,1092,14,75,км 75+650 а/д Р-193 (1Р-193) Воронеж-Тамбов,51.801395,40.15493,140,3
517,1094,40,223,"км 223+685 а/д М-9 ""Балтия""",56.21995221713319,34.34499442577362,197,3
518,1095,22,272,"км 272+281 а/д М-10 ""Россия""",57.406,34.79115,0,3
519,1096,22,318,"км 318+306 а/д М-10 ""Россия""",57.69087,34.2856,0,3
520,1097,22,106,"км 106+142 а/д М-10 ""Россия""",56.4691,36.5833,0,3
521,1098,22,33,"км 33+930 а/д М-10 ""Россия""",55.98302,37.2877,0,3
522,1099,36,506,"км 506+790 а/д Р-21 (М-18) ""Кола""",62.411097,33.85669,67,3
523,1100,36,1073,"км 1073+650 а/д Р-21 (М-18) ""Кола""",66.636083,32.76343,39,3
524,1101,36,1538,"км 1538+260 а/д Р-21 (М-18) ""Кола""",69.425969,30.870504,102,3
525,1102,36,855,"км 855+700 а/д Р-21 (М-18) ""Кола""",64.913973,34.253054,38,3
526,1103,36,796,"км 796+880 а/д Р-21 (М-18) ""Кола""",64.409,34.141,123,3
527,1106,22,29,"км 29+746 а/д М-10 ""Россия""",55.9593,37.33738,180,3
528,1107,22,29,"км 29+746 а/д М-10 ""Россия""",55.9593,37.33738,180,3
529,1110,36,1149,"км 1149+200 а/д Р-21 (М-18) ""Кола""",67.170977,32.262179,60,3
530,1111,40,322,"км 322+673 а/д М-9 ""Балтия""",56.272136882792196,32.768113017082214,213,3
531,1112,40,184,"км 184+115 а/д М-9 ""Балтия""",56.1459798332354,34.93979573249817,200,3
532,1114,22,36,"км 36+000 а/д М-10 ""Россия""",0.0,0.0,0,3
533,1140,22,231,"км 231+800 а/д М-10 ""Россия""",57.063,35.013,194,3
534,1141,22,179,"км 179+800 а/д М-10 ""Россия""",56.886,35.773,136,3
535,1142,22,175,"км 175+887 а/д М-10 ""Россия""",56.859,35.78876,115,3
536,1143,22,152,"км 152+950 а/д М-10 ""Россия""",56.78267,36.0982,200,3
537,1144,22,119,"км 119+640 а/д М-10 ""Россия""",56.591,36.4886,126,3
538,1145,22,81,"км 81+035 а/д М-10 ""Россия""",56.299,36.798,177,3
539,1146,22,60,"км 60+865 а/д М-10 ""Россия""",56.1806,36.989,203,3
540,1150,36,269,"км 269+700 а/д Р-21 (М-18) ""Кола""",60.93247296150728,33.14817130565643,16,3
541,1151,36,313,"км 313+130 а/д Р-21 (М-18) ""Кола""",61.190965,33.106157,201,3
542,1152,36,383,"км 383+540 а/д Р-21 (М-18) ""Кола""",61.680397,33.618352,0,3
543,1153,36,607,"км 607+560 а/д Р-21 (М-18) ""Кола""",62.826,34.254,112,3
544,1154,36,721,"км 721+000 а/д Р-21 (М-18) ""Кола""",63.737102,34.105538,109,3
545,1155,36,753,"км 753+921 а/д Р-21 (М-18) ""Кола""",64.021,34.069,105,3
546,1801,36,1416,"км 1416+480 а/д Р-21 (М-18) ""Кола""",69.086217,32.739685,216,3
547,1802,36,1394,"км 1394+050 а/д Р-21 (М-18) ""Кола""",68.937377,32.991198,74,3
548,1803,36,1570,"км 1570+600 а/д Р-21 (М-18) ""Кола""",69.717,30.426,45,3
549,1804,36,1475,"км 1475+100 а/д Р-21 (М-18) ""Кола""",69.436327,32.008329,258,3
550,1805,36,855,"км 855+700 а/д Р-21 (М-18) ""Кола""",64.913973,34.253054,38,4
551,1806,36,796,"км 796+880 а/д Р-21 (М-18) ""Кола""",64.401796,34.15128,123,4
552,1807,36,721,"км 721+000 а/д Р-21 (М-18) ""Кола""",63.737344,34.105693,104,3
553,1808,36,1259,"км 1259+600 а/д Р-21 (М-18) ""Кола""",67.927938,32.806974,184,3
554,1809,36,1203,"км 1203+350 а/д Р-21 (М-18) ""Кола""",67.54713,32.355612,144,3
555,1810,37,7,"км 7+000 а/д Р-21 (М-18) ""Кола"", подъезд к г. Мурманск",68.928,33.136,214,3
556,1811,36,1284,"км 1284+600 а/д Р-21 (М-18) ""Кола""",68.080537,33.193507,218,4
557,1812,36,1166,"км 1166+750 а/д Р-21 (М-18) ""Кола""",67.288304,32.379548,221,3
558,1813,36,1058,"км 1058+140 а/д Р-21 (М-18) ""Кола""",66.472,32.77162,74,3
559,1814,36,1107,"км 1107+010 а/д Р-21 (М-18) ""Кола""",66.874313,32.388564,33,3
560,1815,36,463,"км 463+010 а/д Р-21 (М-18) ""Кола""",62.112914,34.266717,0,4
561,1816,36,343,"км 343+900 а/д Р-21 (М-18) ""Кола""",61.430323,33.265291,117,3
562,1817,36,269,"км 269+700 а/д Р-21 (М-18) ""Кола""",60.931,33.152,17,3
563,1818,36,401,"км 401+730 а/д Р-21 (М-18) ""Кола""",61.776,33.788,80,3
564,1819,36,506,"км 506+790 а/д Р-21 (М-18) ""Кола""",62.411097,33.85669,67,2
565,1820,36,607,"км 607+560 а/д Р-21 (М-18) ""Кола""",62.826461,34.254136,99,4
566,1821,36,753,"км 753+920 а/д Р-21 (М-18) ""Кола""",64.02075,34.068667,105,3
567,1822,36,1009,"км 1009+525 а/д Р-21 (М-18) ""Кола""",66.064254,32.88512,120,3
568,1823,36,1073,"км 1073+650 а/д Р-21 (М-18) ""Кола""",66.636083,32.76343,39,3
569,1824,38,468,"км 468+850 а/д А-121 ""Сортавала""",61.680079,33.618051,99,3
570,1825,38,376,"км 376+180 а/д А-121 ""Сортавала""",61.68,32.241,90,4
571,1826,38,183,"км 183+480 а/д А-121 ""Сортавала""",61.299291,29.889239,38,3
572,1827,38,329,"км 329+020 а/д А-121 ""Сортавала""",61.67548,31.494101,34,3
573,1828,38,270,"км 270+200 а/д А-121 ""Сортавала""",61.767622,30.654033,16,3
574,1829,38,232,"км 232+230 а/д А-121 ""Сортавала""",61.565047,30.335428,17,3
575,1830,38,442,"км 442+120 а/д А-121 ""Сортавала""",61.632828,33.185202,84,3
576,1831,36,436,"км 436+450 а/д Р-21 (М-18) ""Кола""",61.889981,34.249631,33,3
577,1832,36,1538,"км 1538+260 а/д Р-21 (М-18) ""Кола""",69.425969,30.870504,102,3
578,1833,38,155,"км 155+300 а/д А-121 ""Сортавала""",61.178746,29.824512,35,3
579,1834,38,296,"км 296+840 а/д А-121 ""Сортавала""",61.762651,31.004508,21,3
580,1835,38,414,"км 414+620 а/д А-121 ""Сортавала""",61.584678,32.738126,76,3
581,1836,36,1149,"км 1149+200 а/д Р-21 (М-18) ""Кола""",67.170977,32.262179,60,3
582,1837,36,1221,"км 1221+030 а/д Р-21 (М-18) ""Кола""",67.62437,32.712988,136,3
583,1838,36,1335,"км 1335+930 а/д Р-21 (М-18) ""Кола""",68.501267,33.332267,166,3
584,1839,36,1447,"км 1447+300 а/д Р-21 (М-18) ""Кола""",69.239301,32.198203,182,3
585,1840,36,1516,"км 1516+246 а/д Р-21 (М-18) ""Кола""",69.54004,31.214855,32,3
586,1841,74,5,"км 5+650 а/д Р-21 (М-18) ""Кола"", подъезд к аэропорту ""Мурманск""",68.826,33.013,108,3
587,1842,36,693,"км 693+120 а/д Р-21 (М-18) ""Кола""",63.507973,34.326224,116,4
588,1843,36,647,"км 647+040 а/д Р-21 (М-18) ""Кола""",63.143848,34.34129,157,3
589,1844,36,830,"км 830+920 а/д Р-21 (М-18) ""Кола""",64.696717,34.188867,105,4
590,1845,36,884,"км 884+890 а/д Р-21 (М-18) ""Кола""",65.108751,33.876407,92,4
591,1846,36,986,"км 986+860 а/д Р-21 (М-18) ""Кола""",65.901912,33.119052,100,3
592,1847,36,403,"км 403+106 а/д Р-21 (М-18) ""Кола""",61.77706,33.832526,98,3
593,1850,36,2,"км 2+000 а/д Р-21 (М-18) ""Кола""",59.89264,30.533409,131,3
594,1851,36,1484,"км 1484+240 а/д Р-21 (М-18) ""Кола""",69.480995,31.822865,67,3
595,1852,36,1510,"км 1510+246 а/д Р-21 (М-18) ""Кола""",69.511,31.319,87,3
596,1891,36,1384,"км 1384+850 а/д Р-21 (М-18) ""Кола""",68.887805,33.064578,0,3
597,1893,36,1363,"км 1363+750 а/д Р-21 (М-18) ""Кола""",68.737377,33.193693,71,3
598,1894,36,1394,"км 1394+050 а/д Р-21 (М-18) ""Кола""",68.937377,32.991198,74,3
599,1895,36,1538,"км 1538+260 а/д Р-21 (М-18) ""Кола""",69.425969,30.870504,102,3
600,1896,36,1311,"км 1311+000 а/д Р-21 (М-18) ""Кола""",68.286167,33.355477,201,3
601,1897,36,436,"км 436+450 а/д Р-21 (М-18) ""Кола""",61.889981,34.249631,33,3
602,1898,36,436,"км 436+450 а/д Р-21 (М-18) ""Кола""",61.889981,34.249631,33,3
603,1899,36,313,"км 313+130 а/д Р-21 (М-18) ""Кола""",61.190896,33.105878,45,3
604,1901,80,70,км 70+000 а/д Р-23 (М-20) Санкт-Петербург-Невель,59.386378,29.969686,0,3
605,1902,10,428,км 428+700 а/д А-114 Вологда-Новая Ладога,59.621,33.663,0,3
606,1903,22,596,"км 596+700 а/д М-10 ""Россия""",59.228,31.462,0,3
607,1904,82,32,км 32+460 а/д А-216 Гвардейск-Неман,54.892,21.655,0,3
608,1905,38,0,"км 0+000 а/д А-121 ""Сортавала""",59.929,29.634,0,3
609,1906,38,9,"км 9+654 а/д А-121 ""Сортавала""",60.1696,30.355443,0,3
610,1907,10,375,км 375+300 а/д А-114 Вологда-Новая Ладога,59.48954083861235,34.45461630821228,80,3
611,1908,186,1,"км 1+000 а/д А-118 Первая очередь ""КАД"" г. СПб",60.037,29.978,0,3
612,1909,83,38,км 38+680 а/д А-229 Калининград-Нестеров,54.671526,21.10045,0,3
613,1910,41,112,"км 112+900 а/д Р-56 (А-116, 1Р-56) Великий Новгород-Псков",57.99378513260283,29.853007793426517,0,3
614,1911,36,184,"км 184+300 а/д Р-21 (М-18) ""Кола""",60.473,33.09,0,3
615,1912,36,84,"км 84+900 а/д Р-21 (М-18) ""Кола""",59.935,31.73,26,3
616,1913,40,575,"км 575+550 а/д М-9 ""Балтия""",56.351,28.852,0,3
617,1914,81,29,км 29+600 а/д А-212 Псков-Изборск,57.707065,27.88225,90,3
618,1915,36,254,"км 254+700 а/д Р-21 (М-18) ""Кола""",60.82639703151195,33.30911457538605,47,3
619,1916,36,40,"км 40+556 а/д Р-21 (М-18) ""Кола""",59.908,30.991,41,3
620,1917,84,64,"км 64+177 а/д А-120 "" Санкт-Петербургское Южное полукольцо""",59.52,30.059,0,3
621,1918,10,517,км 517+100 а/д А-114 Вологда-Новая Ладога,60.035,32.575,0,3
622,1919,79,190,"км 190+400 а/д А-181 (М-10) ""Скандинавия""",60.621,28.168,24,3
623,1920,40,437,"км 437+400 а/д М-9 ""Балтия""",56.279,30.968,0,3
624,1921,80,148,км 148+500 а/д Р-23 (М-20) Санкт-Петербург-Невель,58.703834,29.881307,0,3
625,1922,22,613,"км 613+000 а/д М-10 ""Россия""",59.333,31.25,0,3
626,1923,80,282,км 282+300 а/д Р-23 (М-20) Санкт-Петербург-Невель,57.832,28.453,0,3
627,1924,81,7,км 7+300 а/д А-212 Псков-Изборск,57.794,28.22,0,3
628,1925,77,110,"км 110+080 а/д А-180 (М-11) ""Нарва""",59.44,28.835,82,3
629,1926,80,409,км 409+900 а/д Р-23 (М-20) Санкт-Петербург-Невель,56.71,28.693,0,3
630,1927,80,338,км 338+700 а/д Р-23 (М-20) Санкт-Петербург-Невель,57.332,28.371,0,3
631,1928,36,175,"км 175+606 а/д Р-21 (М-18) ""Кола""",60.394,33.006,0,3
632,1929,84,70,"км 70+500 а/д А-120 "" Санкт-Петербургское Южное полукольцо""",59.511,30.171,0,3
633,1930,41,151,"км 151+000 а/д Р-56 (А-116, 1Р-56) Великий Новгород-Псков",57.7699409611,29.5526690318,0,3
634,1931,82,0,км 0+010 а/д А-216 Гвардейск-Неман,54.650746,21.340047,12,3
635,1932,38,127,"км 127+570 а/д А-121 ""Сортавала""",61.014103,30.14966,0,3
636,1933,36,25,"км 25+800 а/д Р-21 (М-18) ""Кола""",59.9,30.731,0,3
637,1934,79,151,"км 151+500 а/д А-181 (М-10) ""Скандинавия""",60.79,28.711,28,3
638,1935,10,346,км 346+600 а/д А-114 Вологда-Новая Ладога,59.338,34.85,0,3
639,1936,80,103,км 103+600 а/д Р-23 (М-20) Санкт-Петербург-Невель,59.086,29.92,0,3
640,1937,38,58,"км 58+050 а/д А-121 ""Сортавала""",60.545,30.194,118,3
641,1938,79,114,"км 114+800 а/д А-181 (М-10) ""Скандинавия""",60.581,29.185,0,3
642,1939,83,56,км 56+370 а/д А-229 Калининград-Нестеров,54.648835,21.353935,0,3
643,1940,77,70,"км 70+535 а/д А-180 (М-11) ""Нарва""",59.588,29.409,52,3
644,1941,22,659,"км 659+000 а/д М-10 ""Россия""",59.612,30.747,53,3
645,1942,78,39,"км 39+050 а/д А-180 (М-11) ""Нарва"", подъезд к морскому торговому порту Усть-Луга",59.664,28.452,0,3
646,1943,22,632,"км 632+900 а/д М-10 ""Россия""",59.462,31.023,0,3
647,1944,80,206,км 206+800 а/д Р-23 (М-20) Санкт-Петербург-Невель,58.255,29.433,0,3
648,1945,80,245,км 245+900 а/д Р-23 (М-20) Санкт-Петербург-Невель,58.036,28.919,0,3
649,1946,79,83,"км 83+200 а/д А-181 (М-10) ""Скандинавия""",60.36,29.534,56,3
650,1947,186,18,"км 18+000 а/д А-118 Первая очередь ""КАД"" г. СПб",60.098,30.269,0,3
651,1948,83,8,км 8+850 а/д А-229 Калининград-Нестеров,54.70489697145603,20.644710659980774,18,3
652,1949,36,210,"км 210+800 а/д Р-21 (М-18) ""Кола""",60.66376,33.346016,0,3
653,1950,10,449,км 449+500 а/д А-114 Вологда-Новая Ладога,59.69,33.329,44,3
654,1951,36,121,"км 121+200 а/д Р-21 (М-18) ""Кола""",60.071,32.331,36,3
655,1952,22,673,"км 673+000 а/д М-10 ""Россия""",59.70324625004382,30.580299496650692,30,3
656,1960,84,108,"км 108+350 а/д А-120 "" Санкт-Петербургское Южное полукольцо""",59.614433,30.77779,53,3
657,1962,77,125,"км 125+687 а/д А-180 (М-11) ""Нарва""",59.399134,28.584983,25,3
658,1964,22,614,"км 614+870 а/д М-10 ""Россия""",59.346194,31.238841,58,3
659,1966,79,134,"км 134+803 а/д А-181 (М-10) ""Скандинавия""",60.67217,28.8775,28,3
660,1968,101,9,"км 9+375 а/д А-114, участок Кисельня - Хвалово",59.96173,32.33635,33,3
661,2002,48,1,км 1+000 а/д Тест,55.8018,37.5281,0,3
662,3601,109,503,"км 503+000 а/д А-360 (М-56) ""Лена""",57.5418361111111,125.173677777778,1320,3
663,4001,15,202,км 202+650 а/д Р-119 (1Р-119) Орёл-Тамбов,52.629,38.437,0,3
664,4002,15,167,км 167+150 а/д Р-119 (1Р-119) Орёл-Тамбов,52.488,38.041,0,3
665,4005,15,237,км 237+430 а/д Р-119 (1Р-119) Орёл-Тамбов,52.57,38.779,0,3
666,4007,64,59,"км 59+000 а/д Р-217 (М-29) ""Кавказ""",45.7021,40.2914,73,3
667,4009,48,11,км 11+000 а/д Тест,55.8042,37.5179,0,3
668,4100,97,18,км 18+500 а/д А-155 Черкесск-Домбай,44.046,41.964,661,3
669,4102,97,37,км 37+730 а/д А-155 Черкесск-Домбай,43.896,41.887,763,3
670,4105,97,65,км 65+443 а/д А-155 Черкесск-Домбай,43.675,41.896,991,3
671,4107,97,100,км 100+113 а/д А-155 Черкесск-Домбай,43.415,41.736,1040,3
672,4109,97,116,км 116+025 а/д А-155 Черкесск-Домбай,43.307,41.635,1500,3
673,4111,99,7,"км 7+280 а/д А-156 (А-155), подъезд к МЦО ""Архыз""",43.875,41.81,1010,3
674,4113,99,49,"км 49+805 а/д А-156 (А-155), подъезд к МЦО ""Архыз""",43.679,41.456,1190,3
675,4115,99,69,"км 69+913 а/д А-156 (А-155), подъезд к МЦО ""Архыз""",43.566,41.331,1420,3
676,4117,100,15,"км 15+885 а/д А-156 (А-155), подъезд к ""САО РАН""",43.65,41.436,2004,3
677,4119,96,47,км 47+760 а/д А-165 (А-156) Лермонтов-Черкесск,44.255,42.471,646,3
678,4121,96,66,км 66+630 а/д А-165 (А-156) Лермонтов-Черкесск,44.266,42.239,668,3
679,4123,95,42,"км 42+330 а/д Р-217 (М-29) ""Кавказ"", подъезд к г. Черкесск",44.364,41.93,440,3
680,4680,7,311,"км 311+800 а/д М-4 ""Дон""",53.16285138094616,38.248322010040276,234,3
681,8765,155,1,"км 1+000 а/д М-10 ""Россия"", испытательный полигон МАДИ",55.985328,37.28954,100,3
682,9990,248,213,км 213+500 а/д А-322 (А-349) Барнаул-Рубцовск,52.042307,81.805356,216,3
683,9991,48,1,км 1+000 а/д Тест,55.8018,37.5281,0,3
684,9992,48,4,км 4+000 а/д Тест,0.0,0.0,0,3
685,9995,261,1,км 1+000 а/д Метеорологический полигон ВФ ГГИ (Валдай),57.98833998704296,33.256773948669434,202,3
686,9996,261,1,км 1+000 а/д Метеорологический полигон ВФ ГГИ (Валдай),57.98833998704296,33.256773948669434,202,3
687,9997,48,1,км 1+000 а/д Тест,55.8018,37.5281,0,3
688,9999,261,2,км 2+000 а/д Метеорологический полигон ВФ ГГИ (Валдай),57.98887,33.2537,230,3
689,20101,55,16,"км 16+300 а/д М-7 ""Волга""",55.7812,37.8603,0,3
690,20102,55,34,"км 34+000 а/д М-7 ""Волга""",55.8159,38.1349,0,3
691,20103,55,64,"км 64+500 а/д М-7 ""Волга""",55.8535,38.5974,0,3
692,20104,55,94,"км 94+700 а/д М-7 ""Волга""",55.8994,39.0618,0,3
693,20105,55,136,"км 136+600 а/д М-7 ""Волга""",55.962,39.7203,0,3
694,20106,55,189,"км 189+020 а/д М-7 ""Волга""",56.177,40.446,0,3
695,20107,55,247,"км 247+034 а/д М-7 ""Волга""",56.2128,41.3478,0,3
696,20108,55,300,"км 300+010 а/д М-7 ""Волга""",56.2191,42.1852,0,3
697,20109,55,329,"км 329+364 а/д М-7 ""Волга""",56.1674,42.6268,0,3
698,20110,55,340,"км 340+963 а/д М-7 ""Волга""",56.2238,42.7826,0,3
699,20111,55,377,"км 377+230 а/д М-7 ""Волга""",56.2927,43.3434,0,3
700,20112,55,216,"км 216+500 а/д М-7 ""Волга""",56.683,40.613,0,3
701,20113,55,244,"км 244+500 а/д М-7 ""Волга""",56.4572,40.4594,0,3
702,20114,55,260,"км 260+650 а/д М-7 ""Волга""",56.322,40.478,0,3
703,20115,104,32,"км 32+900 а/д М-7 ""Волга"", подъезд к г. Иваново",56.279,40.467,100,3
704,20116,106,14,"км 14+850 а/д М-7 ""Волга"", южный обход г. Н.Новгород",56.193,43.759,0,3
705,20117,277,38,"км 38+800 а/д М-8 ""Холмогоры"", подъезд к г. Кострома",57.6364,40.4002,100,3
706,20118,105,73,км 73+290 а/д Р-600 (А-113) Кострома-Иваново,57.721,40.8951,0,3
707,20119,105,110,км 110+100 а/д Р-600 (А-113) Кострома-Иваново,57.4433,41.1664,0,3
708,20120,105,140,км 140+000 а/д Р-600 (А-113) Кострома-Иваново,57.234,41.146,0,3
709,20121,107,31,км 31+300 а/д Р-158 (1Р-158) Нижний Новгород-Саратов,56.0641,43.9409,0,3
710,20122,107,58,км 58+550 а/д Р-158 (1Р-158) Нижний Новгород-Саратов,55.8279,43.9815,0,3
711,20123,107,117,км 117+300 а/д Р-158 (1Р-158) Нижний Новгород-Саратов,55.3412,43.8904,0,3
712,20124,107,181,км 181+400 а/д Р-158 (1Р-158) Нижний Новгород-Саратов,54.9651,44.5757,0,3
713,20125,107,211,км 211+350 а/д Р-158 (1Р-158) Нижний Новгород-Саратов,54.7761,44.9108,0,3
714,20126,277,14,"км 14+010 а/д М-8 ""Холмогоры"", подъезд к г. Кострома",57.5379,40.0534,100,3
715,20201,428,108,"км 108+700 а/д Р-258 (М-55) ""Байкал"" Иркутск – Улан-Удэ – Чита",51.662781,103.70452,0,3
716,20202,428,139,"км 139+970 а/д Р-258 (М-55) ""Байкал"" Иркутск – Улан-Удэ – Чита",51.538125,104.052992,0,3
717,20203,428,183,"км 183+600 а/д Р-258 (М-55) ""Байкал"" Иркутск – Улан-Удэ – Чита",51.441736,104.639772,0,3
718,20204,428,222,"км 222+630 а/д Р-258 (М-55) ""Байкал"" Иркутск – Улан-Удэ – Чита",51.559444,105.137927,0,3
719,20205,428,277,"км 277+990 а/д Р-258 (М-55) ""Байкал"" Иркутск – Улан-Удэ – Чита",51.713911,105.851073,0,3
720,20206,428,321,"км 321+650 а/д Р-258 (М-55) ""Байкал"" Иркутск – Улан-Удэ – Чита",51.961193,106.306077,0,3
721,20207,428,364,"км 364+250 а/д Р-258 (М-55) ""Байкал"" Иркутск – Улан-Удэ – Чита",52.033764,106.868461,0,3
722,20208,428,405,"км 405+200 а/д Р-258 (М-55) ""Байкал"" Иркутск – Улан-Удэ – Чита",52.078956,107.477338,0,3
723,20209,428,414,"км 414+025 а/д Р-258 (М-55) ""Байкал"" Иркутск – Улан-Удэ – Чита",52.078874,107.477354,0,3
724,20210,428,444,"км 444+100 а/д Р-258 (М-55) ""Байкал"" Иркутск – Улан-Удэ – Чита",51.876651,107.47885,0,3
725,20211,428,456,"км 456+070 а/д Р-258 (М-55) ""Байкал"" Иркутск – Улан-Удэ – Чита",51.779994,107.468841,0,3
726,20212,428,462,"км 462+450 а/д Р-258 (М-55) ""Байкал"" Иркутск – Улан-Удэ – Чита",51.727593,107.460866,0,3
727,20213,428,490,"км 490+700 а/д Р-258 (М-55) ""Байкал"" Иркутск – Улан-Удэ – Чита",51.508908,107.357239,0,3
728,20214,428,522,"км 522+300 а/д Р-258 (М-55) ""Байкал"" Иркутск – Улан-Удэ – Чита",51.309416,107.560095,0,3
729,20215,428,542,"км 542+950 а/д Р-258 (М-55) ""Байкал"" Иркутск – Улан-Удэ – Чита",51.163563,107.688755,0,3
730,20216,428,562,"км 562+430 а/д Р-258 (М-55) ""Байкал"" Иркутск – Улан-Удэ – Чита",51.056941,107.857081,0,3
731,20217,428,576,"км 576+400 а/д Р-258 (М-55) ""Байкал"" Иркутск – Улан-Удэ – Чита",51.098696,108.019881,0,3
732,20218,428,615,"км 615+250 а/д Р-258 (М-55) ""Байкал"" Иркутск – Улан-Удэ – Чита",51.236011,108.480548,0,3
733,20219,428,652,"км 652+100 а/д Р-258 (М-55) ""Байкал"" Иркутск – Улан-Удэ – Чита",51.199532,108.868115,0,3
734,20220,428,677,"км 677+200 а/д Р-258 (М-55) ""Байкал"" Иркутск – Улан-Удэ – Чита",51.214304,109.180366,0,3
735,20221,428,701,"км 701+800 а/д Р-258 (М-55) ""Байкал"" Иркутск – Улан-Удэ – Чита",51.233496,109.460303,0,3
736,20222,114,14,км 14+040 а/д А-340 Улан-Удэ-Кяхта,51.739287,107.272213,0,3
737,20223,114,63,км 63+150 а/д А-340 Улан-Удэ-Кяхта,51.481101,106.772015,0,3
738,20224,114,92,км 92+700 а/д А-340 Улан-Удэ-Кяхта,51.287717,106.544979,0,3
739,20225,114,123,км 123+900 а/д А-340 Улан-Удэ-Кяхта,51.03605,106.613698,0,3
740,20226,114,216,км 216+000 а/д А-340 Улан-Удэ-Кяхта,50.330364,106.481971,0,3
741,20227,113,2,км 2+500 а/д А-333 Култук-Монды,51.726439,103.661554,0,3
742,20228,113,64,км 64+150 а/д А-333 Култук-Монды,51.743081,102.877573,0,3
743,20229,113,83,км 83+450 а/д А-333 Култук-Монды,51.687514,102.630831,0,3
744,20230,113,118,км 118+350 а/д А-333 Култук-Монды,51.680859,102.162722,0,3
745,20231,113,152,км 152+750 а/д А-333 Култук-Монды,51.637204,101.681728,0,3
746,20232,113,206,км 206+400 а/д А-333 Култук-Монды,51.670522,100.987777,0,3
747,20301,86,681,"км 681+500 а/д М-2 ""Крым""",50.5117,36.8185,208,3
748,20302,86,662,"км 662+900 а/д М-2 ""Крым""",50.6583,36.4676,180,3
749,20303,86,636,"км 636+400 а/д М-2 ""Крым""",50.8573,36.4538,215,3
750,20304,86,606,"км 606+000 а/д М-2 ""Крым""",51.0799,36.2999,233,3
751,20305,86,585,"км 585+200 а/д М-2 ""Крым""",51.2384,36.2257,218,3
752,20306,86,557,"км 557+800 а/д М-2 ""Крым""",51.4651,36.0826,256,3
753,20307,86,528,"км 528+200 а/д М-2 ""Крым""",51.7147,36.0796,215,3
754,20308,86,495,"км 495+500 а/д М-2 ""Крым""",51.9671,35.9621,263,3
755,20309,86,459,"км 459+400 а/д М-2 ""Крым""",52.2681,35.8185,212,3
756,20318,86,312,"км 312+940 а/д М-2 ""Крым""",53.1819,36.4047,225,3
757,20319,86,333,"км 333+500 а/д М-2 ""Крым""",53.18361,36.41278,216,3
758,20320,86,366,"км 366+900 а/д М-2 ""Крым""",52.5614,36.0839,216,3
759,20321,86,392,"км 392+200 а/д М-2 ""Крым""",52.4917,35.5214,180,3
760,20322,86,417,"км 417+500 а/д М-2 ""Крым""",52.3829,35.4452,215,3
761,20323,86,439,"км 439+400 а/д М-2 ""Крым""",52.2611,35.4723,228,3
762,20324,15,30,км 30+781 а/д Р-119 (1Р-119) Орёл-Тамбов,52.4328,36.1945,224,3
763,20501,121,108,км 108+157 а/д А-331 “Вилюй”,55.42104,100.92822,0,8
764,20502,121,122,км 122+790 а/д А-331 “Вилюй”,55.52367,101.06403,0,8
765,20503,121,178,км 178+481 а/д А-331 “Вилюй”,56.00047,101.12774,0,3
766,20504,121,192,км 192+323 а/д А-331 “Вилюй”,56.080722,101.233185,0,8
767,20505,121,218,км 218+524 а/д А-331 “Вилюй”,56.153,101.577,0,8
768,20506,121,23,км 23+340 а/д А-331 “Вилюй”,54.756019,100.639502,0,8
769,20507,121,238,км 238+327 а/д А-331 “Вилюй”,56.311637,101.674709,0,8
770,20508,121,272,км 272+572 а/д А-331 “Вилюй”,56.304,102.06,0,8
771,20509,121,348,км 348+898 а/д А-331 “Вилюй”,56.40695,103.111407,0,8
772,20510,121,444,км 444+121 а/д А-331 “Вилюй”,56.700769,104.23447,0,8
773,20511,121,46,км 46+054 а/д А-331 “Вилюй”,54.94261,100.74242,0,8
774,20512,121,473,км 473+224 а/д А-331 “Вилюй”,56.68049,104.645903,0,3
775,20513,121,503,км 503+220 а/д А-331 “Вилюй”,56.836,104.89,0,8
776,20514,121,78,км 78+776 а/д А-331 “Вилюй”,55.22538,100.64334,0,3
777,20515,121,527,км 527+700 а/д А-331 “Вилюй”,56.844119,105.244724,0,3
778,20516,121,531,км 531+773 а/д А-331 “Вилюй”,56.823,105.285,0,8
779,20517,120,15,"км 15+373 а/д А-331 ""Вилюй"", участок Усть-Кут-Верхнемарково",56.82,105.974,0,8
780,20518,120,49,"км 49+459 а/д А-331 ""Вилюй"", участок Усть-Кут-Верхнемарково",57.0275,106.24122,0,3
781,20519,265,12,"км 12+008 а/д А-331 ""Вилюй"", обход г. Усть-Кут",56.789123,105.744076,0,8
782,20520,422,23,"км 23+930 а/д Р-255 (М-53) ""Сибирь"", обход г.Иркутск",52.18450899235904,104.00842498987913,0,8
783,20521,156,1168,"км 1168+393 а/д Р-255 (М-53) ""Сибирь"" Новосибирск - Иркутск",56.095,97.458,0,8
784,20522,156,1197,"км 1197+310 а/д Р-255 (М-53) ""Сибирь"" Новосибирск - Иркутск",56.008429,97.886324,0,7
785,20523,156,1201,"км 1201+614 а/д Р-255 (М-53) ""Сибирь"" Новосибирск - Иркутск",55.97,97.913,0,3
786,20524,156,1277,"км 1277+178 а/д Р-255 (М-53) ""Сибирь"" Новосибирск - Иркутск",55.554406,98.621527,0,8
787,20525,156,1299,"км 1299+291 а/д Р-255 (М-53) ""Сибирь"" Новосибирск - Иркутск",55.36863198503852,98.64030299708247,337,8
788,20526,156,1326,"км 1326+179 а/д Р-255 (М-53) ""Сибирь"" Новосибирск - Иркутск",55.210755,98.785827,0,8
789,20527,156,1341,"км 1341+127 а/д Р-255 (М-53) ""Сибирь"" Новосибирск - Иркутск",55.087623,98.829488,0,8
790,20528,156,1369,"км 1369+627 а/д Р-255 (М-53) ""Сибирь"" Новосибирск - Иркутск",54.91581299342215,99.03838195838034,100,8
791,20529,156,1414,"км 1414+525 а/д Р-255 (М-53) ""Сибирь"" Новосибирск - Иркутск",54.727,99.608,0,8
792,20530,156,1493,"км 1493+345 а/д Р-255 (М-53) ""Сибирь"" Новосибирск - Иркутск",54.54943,100.59405,0,8
793,20531,156,1516,"км 1516+148 а/д Р-255 (М-53) ""Сибирь"" Новосибирск - Иркутск",54.459903007373214,100.90233600698411,499,8
794,20532,156,1537,"км 1537+571 а/д Р-255 (М-53) ""Сибирь"" Новосибирск - Иркутск",54.446214,101.207863,0,8
795,20533,156,1562,"км 1562+912 а/д Р-255 (М-53) ""Сибирь"" Новосибирск - Иркутск",54.34381,101.53768,0,8
796,20534,156,1579,"км 1579+467 а/д Р-255 (М-53) ""Сибирь"" Новосибирск - Иркутск",54.2509,101.7292,0,8
797,20535,156,1605,"км 1605+981 а/д Р-255 (М-53) ""Сибирь"" Новосибирск - Иркутск",54.096,102.029,0,8
798,20536,156,1625,"км 1625+348 а/д Р-255 (М-53) ""Сибирь"" Новосибирск - Иркутск",53.94744501449168,102.09443399682641,460,8
799,20537,156,1659,"км 1659+634 а/д Р-255 (М-53) ""Сибирь"" Новосибирск - Иркутск",53.68874796666205,102.34162596054375,484,8
800,20538,156,1679,"км 1679+110 а/д Р-255 (М-53) ""Сибирь"" Новосибирск - Иркутск",53.57864102348685,102.50802501104772,464,8
801,20539,156,1709,"км 1709+850 а/д Р-255 (М-53) ""Сибирь"" Новосибирск - Иркутск",53.37209,102.77721,0,8
802,20540,156,1725,"км 1725+664 а/д Р-255 (М-53) ""Сибирь"" Новосибирск - Иркутск",53.24797703884542,102.86228698678315,507,8
803,20541,156,1753,"км 1753+202 а/д Р-255 (М-53) ""Сибирь"" Новосибирск - Иркутск",53.05116701871157,103.06005204096437,503,8
804,20542,156,1775,"км 1775+413 а/д Р-255 (М-53) ""Сибирь"" Новосибирск - Иркутск",52.945546,103.315581,0,8
805,20543,156,1795,"км 1795+950 а/д Р-255 (М-53) ""Сибирь"" Новосибирск - Иркутск",52.831015,103.544378,0,8
806,20544,156,1819,"км 1819+749 а/д Р-255 (М-53) ""Сибирь"" Новосибирск - Иркутск",52.66025399789214,103.74434801749885,439,8
807,20545,156,1842,"км 1842+994 а/д Р-255 (М-53) ""Сибирь"" Новосибирск - Иркутск",52.47571600601077,103.77939099445939,441,8
808,20546,156,1858,"км 1858+768 а/д Р-255 (М-53) ""Сибирь"" Новосибирск - Иркутск",52.429788,103.957405,0,8
809,20547,121,218,км 218+524 а/д А-331 “Вилюй”,56.153,101.577,0,8
810,20548,422,0,"км 0+650 а/д Р-255 (М-53) ""Сибирь"", обход г.Иркутск",52.3665409628301,104.075378961861,0,8
811,20549,422,17,"км 17+630 а/д Р-255 (М-53) ""Сибирь"", обход г.Иркутск",52.238353,103.986927,0,8
812,20550,428,36,"км 36+050 а/д Р-258 (М-55) ""Байкал"" Иркутск – Улан-Удэ – Чита",52.13201,103.973222,0,8
813,20551,115,41,км 41+750 а/д 115,52.08374,103.96629,0,3
814,20552,428,45,"км 45+701 а/д Р-258 (М-55) ""Байкал"" Иркутск – Улан-Удэ – Чита",52.065442,103.921215,0,8
815,20553,428,56,"км 56+418 а/д Р-258 (М-55) ""Байкал"" Иркутск – Улан-Удэ – Чита",52.00272,103.87114,0,8
816,20554,428,74,"км 74+695 а/д Р-258 (М-55) ""Байкал"" Иркутск – Улан-Удэ – Чита",51.871278025209904,103.84332303889096,0,8
817,20555,428,81,"км 81+388 а/д Р-258 (М-55) ""Байкал"" Иркутск – Улан-Удэ – Чита",51.827688021585345,103.81965497508645,0,8
818,20556,428,88,"км 88+561 а/д Р-258 (М-55) ""Байкал"" Иркутск – Улан-Удэ – Чита",51.78069,103.767924,0,3
819,20557,428,88,"км 88+855 а/д Р-258 (М-55) ""Байкал"" Иркутск – Улан-Удэ – Чита",51.7790790181607,103.76416903920472,0,8
820,20558,428,98,"км 98+793 а/д Р-258 (М-55) ""Байкал"" Иркутск – Улан-Удэ – Чита",51.725875,103.712068,100,3
821,20601,54,1031,"км 1031+800 а/д М-5 ""Урал""",53.416602,50.343652,0,3
822,20602,54,1076,"км 1076+400 а/д М-5 ""Урал""",53.690901,50.788877,0,3
823,20603,54,1113,"км 1113+000 а/д М-5 ""Урал""",53.87553,51.2233,0,3
824,20604,54,1178,"км 1178+000 а/д М-5 ""Урал""",54.063584792687934,52.12830305099487,0,3
825,20605,54,169,"км 169+515 а/д М-5 ""Урал""",54.73283,39.460814,0,3
826,20606,54,204,"км 204+600 а/д М-5 ""Урал""",54.5498,39.832584,0,3
827,20607,54,247,"км 247+100 а/д М-5 ""Урал""",54.288114,40.269634,0,3
828,20608,54,292,"км 292+400 а/д М-5 ""Урал""",54.234794,40.895035,0,3
829,20609,54,319,"км 319+090 а/д М-5 ""Урал""",54.138526,41.219133,0,3
830,20610,54,367,"км 367+900 а/д М-5 ""Урал""",54.050771,41.906839,0,3
831,20611,54,384,"км 384+005 а/д М-5 ""Урал""",54.127235,42.098413,0,3
832,20612,54,439,"км 439+360 а/д М-5 ""Урал""",54.089135,42.837508,0,3
833,20613,54,458,"км 458+100 а/д М-5 ""Урал""",53.822931,43.301515,0,3
834,20614,54,528,"км 528+800 а/д М-5 ""Урал""",53.549751,43.673921,0,3
835,20615,54,552,"км 552+850 а/д М-5 ""Урал""",53.456465,44.014326,0,3
836,20616,54,585,"км 585+700 а/д М-5 ""Урал""",53.465353,44.517324,0,3
837,20617,54,629,"км 629+300 а/д М-5 ""Урал""",53.248804,44.978224,0,3
838,20618,54,660,"км 660+100 а/д М-5 ""Урал""",53.238176,45.386468,0,3
839,20619,54,670,"км 670+900 а/д М-5 ""Урал""",53.270055,45.515843,0,3
840,20620,54,708,"км 708+745 а/д М-5 ""Урал""",53.094197,45.990635,0,3
841,20621,54,726,"км 726+120 а/д М-5 ""Урал""",53.084743,46.21899,0,3
842,20622,54,796,"км 796+300 а/д М-5 ""Урал""",53.119224,47.193077,0,3
843,20623,54,835,"км 835+030 а/д М-5 ""Урал""",53.157004,47.727533,0,3
844,20624,54,890,"км 890+200 а/д М-5 ""Урал""",53.210624,48.511682,0,3
845,20625,54,924,"км 924+100 а/д М-5 ""Урал""",53.241941,49.006067,0,3
846,20626,54,945,"км 945+350 а/д М-5 ""Урал""",53.248531,49.291712,0,3
847,20627,54,964,"км 964+010 а/д М-5 ""Урал""",53.407909,49.478345,0,3
848,20628,54,981,"км 981+700 а/д М-5 ""Урал""",53.513042,49.595687,0,3
849,20629,122,0,"км 0+900 а/д М-5 ""Урал"", подъезд к г. Самара",53.406897,50.335758,0,3
850,20630,122,14,"км 14+450 а/д М-5 ""Урал"", подъезд к г. Самара",53.124472,50.184311,0,3
851,20631,122,28,"км 28+250 а/д М-5 ""Урал"", подъезд к г. Самара",53.066328,50.369122,0,3
852,20632,122,39,"км 39+100 а/д М-5 ""Урал"", подъезд к г. Самара",53.016706,50.489636,0,3
853,20633,122,58,"км 58+800 а/д М-5 ""Урал"", подъезд к г. Самара",52.967803,50.757736,0,3
854,20634,122,74,"км 74+000 а/д М-5 ""Урал"", подъезд к г. Самара",52.873953,50.908808,0,3
855,20635,122,159,"км 159+600 а/д М-5 ""Урал"", подъезд к г. Самара",52.839008,51.692236,0,3
856,20636,124,176,"км 176+400 а/д М-5 ""Урал"", подъезд к г.Оренбург",52.757246,51.793035,0,3
857,20637,124,227,"км 227+800 а/д М-5 ""Урал"", подъезд к г.Оренбург",52.497863,52.730644,0,3
858,20638,124,262,"км 262+700 а/д М-5 ""Урал"", подъезд к г.Оренбург",52.377442,53.211151,0,3
859,20639,54,311,"км 311+300 а/д М-5 ""Урал""",52.293867,53.353503,0,3
860,20640,124,356,"км 356+600 а/д М-5 ""Урал"", подъезд к г.Оренбург",51.860278,54.183056,0,3
861,20641,54,404,"км 404+650 а/д М-5 ""Урал""",51.857556,54.493008,0,3
862,20642,107,528,км 528+600 а/д Р-158 (1Р-158) Нижний Новгород-Саратов,52.331284,45.337107,0,3
863,20643,107,582,км 582+100 а/д Р-158 (1Р-158) Нижний Новгород-Саратов,51.856231,45.598779,0,3
864,20644,107,608,км 608+400 а/д Р-158 (1Р-158) Нижний Новгород-Саратов,51.674344,45.817608,0,3
865,20645,107,330,км 330+700 а/д Р-158 (1Р-158) Нижний Новгород-Саратов,53.863333,44.823611,0,3
866,20646,107,363,км 363+300 а/д Р-158 (1Р-158) Нижний Новгород-Саратов,53.521111,44.750556,0,3
867,20647,107,403,км 403+300 а/д Р-158 (1Р-158) Нижний Новгород-Саратов,53.294167,44.817358,0,3
868,20648,107,422,км 422+010 а/д Р-158 (1Р-158) Нижний Новгород-Саратов,53.135617,44.778931,0,3
869,20649,107,465,км 465+005 а/д Р-158 (1Р-158) Нижний Новгород-Саратов,52.811894,45.005672,0,3
870,20650,107,505,км 505+500 а/д Р-158 (1Р-158) Нижний Новгород-Саратов,52.487528,45.236874,0,3
871,20651,107,563,км 563+010 а/д Р-158 (1Р-158) Нижний Новгород-Саратов,52.004817,45.468764,0,3
872,20652,18,131,"км 131+400 а/д Р-208 (1Р-208, 1Р-209) Тамбов-Пенза",52.9874,42.996837,0,3
873,20653,18,172,"км 172+700 а/д Р-208 (1Р-208, 1Р-209) Тамбов-Пенза",52.974564,43.600359,0,3
874,20654,18,213,"км 213+015 а/д Р-208 (1Р-208, 1Р-209) Тамбов-Пенза",53.151828,43.934589,0,3
875,20655,18,251,"км 251+700 а/д Р-208 (1Р-208, 1Р-209) Тамбов-Пенза",53.158425,44.574701,0,3
876,20656,373,162,км 162+700 а/д Р-209 Кирсанов-Пенза,52.987864,43.424947,0,3
877,20657,373,278,км 278+600 а/д Р-209 Кирсанов-Пенза,53.151389,44.969722,0,3
878,20658,21,113,км 113+500 а/д Р-228 (1Р-228) Сызрань-Волгоград,52.29663889,47.92925833,0,3
879,20659,21,141,км 141+200 а/д Р-228 (1Р-228) Сызрань-Волгоград,52.09691111,47.72873056,0,3
880,20660,21,176,км 176+500 а/д Р-228 (1Р-228) Сызрань-Волгоград,52.13110278,47.22938889,0,3
881,20661,21,197,км 197+150 а/д Р-228 (1Р-228) Сызрань-Волгоград,52.15346944,46.95260278,0,3
882,20662,21,225,км 225+900 а/д Р-228 (1Р-228) Сызрань-Волгоград,51.98682778,46.66536944,0,3
883,20663,21,266,км 266+350 а/д Р-228 (1Р-228) Сызрань-Волгоград,51.82516944,46.22130556,0,3
884,20664,21,276,км 276+950 а/д Р-228 (1Р-228) Сызрань-Волгоград,51.77531389,46.09486667,0,3
885,20665,21,290,км 290+100 а/д Р-228 (1Р-228) Сызрань-Волгоград,51.68063056,46.00158333,0,3
886,20666,21,310,км 310+100 а/д Р-228 (1Р-228) Сызрань-Волгоград,51.61214722,45.77455,0,3
887,20667,21,351,км 351+800 а/д Р-228 (1Р-228) Сызрань-Волгоград,51.28283333,45.67134444,0,3
888,20668,21,380,км 380+200 а/д Р-228 (1Р-228) Сызрань-Волгоград,51.03575556,45.62673611,0,3
889,20669,21,423,км 423+200 а/д Р-228 (1Р-228) Сызрань-Волгоград,50.66348333,45.48839444,0,3
890,20670,21,65,км 65+100 а/д Р-228 (1Р-228) Сызрань-Волгоград,52.74971111,48.24925556,0,3
891,20671,21,85,км 85+400 а/д Р-228 (1Р-228) Сызрань-Волгоград,52.52467222,48.02184167,0,3
892,20672,21,251,км 251+800 а/д Р-228 (1Р-228) Сызрань-Волгоград,51.830419,46.424638,0,3
893,20673,126,9,км 9+850 а/д А-300 (М-32) Самара-Большая Черниговка,53.1349399,50.1049895,0,3
894,20674,126,40,км 40+000 а/д А-300 (М-32) Самара-Большая Черниговка,52.915611,50.378449,0,3
895,20675,126,52,км 52+800 а/д А-300 (М-32) Самара-Большая Черниговка,52.826605,50.499308,0,3
896,20676,126,103,км 103+260 а/д А-300 (М-32) Самара-Большая Черниговка,52.38433,50.519627,0,3
897,20677,126,125,км 125+350 а/д А-300 (М-32) Самара-Большая Черниговка,52.239884,50.734335,0,3
898,20678,126,142,км 142+800 а/д А-300 (М-32) Самара-Большая Черниговка,52.100793,50.846106,0,3
899,20679,126,186,км 186+350 а/д А-300 (М-32) Самара-Большая Черниговка,51.740076,50.976869,0,3
900,20680,126,195,км 195+000 а/д А-300 (М-32) Самара-Большая Черниговка,51.680066,51.003391,0,3
901,20690,125,446,км 446+500 а/д Р-239 Казань-Акбулак,53.661256,53.658012,0,3
902,20691,125,505,км 505+750 а/д Р-239 Казань-Акбулак,53.283974,54.146826,0,3
903,20692,125,572,км 572+000 а/д Р-239 Казань-Акбулак,52.90511,54.727324,0,3
904,20693,125,627,км 627+450 а/д Р-239 Казань-Акбулак,52.499401,55.104062,0,3
905,20694,125,670,км 670+000 а/д Р-239 Казань-Акбулак,52.171543,55.291017,0,3
906,20695,125,712,км 712+480 а/д Р-239 Казань-Акбулак,51.885592,55.062952,0,3
907,20696,127,21,км 21+000 а/д А-305 (1Р-335) Оренбург-Илек,51.71257,54.82701,0,3
908,20697,127,68,км 68+450 а/д А-305 (1Р-335) Оренбург-Илек,51.588794,54.173157,0,3
909,20698,127,86,км 86+670 а/д А-305 (1Р-335) Оренбург-Илек,51.540926,53.955033,0,3
910,20699,127,122,км 122+350 а/д А-305 (1Р-335) Оренбург-Илек,51.506536,53.410942,0,3
911,20701,86,25,"км 25+150 а/д М-2 ""Крым""",55.53552,37.605025,0,3
912,20702,86,33,"км 33+500 а/д М-2 ""Крым""",55.46182,37.61938,0,3
913,20703,86,48,"км 48+700 а/д М-2 ""Крым""",55.3505,37.56745,0,3
914,20704,86,71,"км 71+900 а/д М-2 ""Крым""",55.13409,37.56319,0,3
915,20705,86,82,"км 82+000 а/д М-2 ""Крым""",55.044175,37.558849,0,3
916,20706,86,101,"км 101+900 а/д М-2 ""Крым""",54.872567,37.505222,0,3
917,20707,86,106,"км 106+980 а/д М-2 ""Крым""",54.83537,37.46078,0,3
918,20708,29,39,"км 39+700 а/д М-3 ""Украина""",55.55731,37.15291,0,3
919,20709,145,34,"км 34+600 а/д М-5 ""Урал"", подъезд к г. Пенза",55.49874,37.84152,0,3
920,20710,54,34,"км 34+950 а/д М-5 ""Урал""",55.57206,38.03008,0,3
921,20711,54,65,"км 65+400 а/д М-5 ""Урал""",55.386507,38.344462,0,3
922,20712,54,78,"км 78+200 а/д М-5 ""Урал""",55.29889,38.46888,0,3
923,20713,54,105,"км 105+100 а/д М-5 ""Урал""",55.142051,38.742209,0,3
924,20714,54,116,"км 116+500 а/д М-5 ""Урал""",55.08563,38.90526,0,3
925,20715,54,148,"км 148+300 а/д М-5 ""Урал""",54.85488,39.22166,0,3
926,20716,16,119,"км 119+000 а/д Р-22 (М-6) ""Каспий""",54.77625,38.146275,0,3
927,20717,16,165,"км 165+000 а/д Р-22 (М-6) ""Каспий""",54.47071,38.53612,0,3
928,20718,9,21,"км 21+800 а/д М-8 ""Холмогоры""",55.91022,37.77666,0,3
929,20719,9,22,"км 22+200 а/д М-8 ""Холмогоры""",55.91138,37.781694,0,3
930,20721,9,34,"км 34+500 а/д М-8 ""Холмогоры""",56.01132,37.87777,0,3
931,20722,9,57,"км 57+160 а/д М-8 ""Холмогоры""",56.1877,38.0375,0,3
932,20723,9,79,"км 79+100 а/д М-8 ""Холмогоры""",56.33514,38.25999,0,3
933,20724,75,2,"км 2+900 а/д М-8 ""Холмогоры"", обход г. Переславль-Залесский",56.697292,38.83073,173,3
934,20725,9,152,"км 152+250 а/д М-8 ""Холмогоры""",56.84145,38.924975,0,3
935,20726,9,181,"км 181+000 а/д М-8 ""Холмогоры""",57.0023,39.24785,0,3
936,20727,9,209,"км 209+500 а/д М-8 ""Холмогоры""",57.211915,39.443159,101,3
937,20728,9,231,"км 231+450 а/д М-8 ""Холмогоры""",57.38194,39.61444,0,3
938,20729,9,253,"км 253+100 а/д М-8 ""Холмогоры""",57.539478,39.79435,165,3
939,20730,40,49,"км 49+800 а/д М-9 ""Балтия""",55.8228,36.92,0,3
940,20731,40,83,"км 83+700 а/д М-9 ""Балтия""",55.98061,36.45017,0,3
941,20733,40,97,"км 97+300 а/д М-9 ""Балтия""",55.996717,36.212248,100,3
942,20734,40,146,"км 146+900 а/д М-9 ""Балтия""",56.03765328520961,35.49539387226105,0,3
943,20735,148,0,"км 0+700 а/д М-2 ""Крым"", подъезд к ОПК ""Бор""",55.363,37.716,0,3
944,20741,128,17,"км 17+100 а/д А-103 ""Щёлковское шоссе""",55.819825,37.858625,0,3
945,20742,128,38,"км 38+800 а/д А-103 ""Щёлковское шоссе""",55.92121,38.12993,0,3
946,20743,129,33,км 33+700 а/д А-104 Москва-Дубна,56.03602,37.54317,0,3
947,20744,129,55,км 55+600 а/д А-104 Москва-Дубна,56.21254,37.52153,0,3
948,20745,129,79,км 79+200 а/д А-104 Москва-Дубна,56.40645,37.489325,0,3
949,20746,129,109,км 109+400 а/д А-104 Москва-Дубна,56.63718,37.29228,0,3
950,20747,144,3,"км 3+950 а/д А-130 (А-101), подъезд к г. Малоярославец",55.7347,37.3169,0,3
951,20748,144,11,"км 11+950 а/д А-130 (А-101), подъезд к г. Малоярославец",55.7177,37.2005,0,3
952,20749,133,22,"км 22+300 а/д А-107 ""ММК""",56.13975,37.855825,0,3
953,20750,133,17,"км 17+200 а/д А-107 ""ММК""",56.03833,38.19846,0,3
954,20751,133,3,"км 3+960 а/д А-107 ""ММК""",55.82555,38.49222,0,3
955,20752,133,5,"км 5+800 а/д А-107 ""ММК""",55.576,38.38963,0,3
956,20753,133,3,"км 3+000 а/д А-107 ""ММК""",55.40816,38.24053,0,3
957,20754,133,11,"км 11+850 а/д А-107 ""ММК""",55.7177,37.2005,0,3
958,20755,134,44,"км 44+200 а/д А-108 ""МБК""",56.34028,38.25833,0,3
959,20756,134,47,"км 47+600 а/д А-108 ""МБК""",55.50444,38.87278,0,3
960,20757,134,12,"км 12+750 а/д А-108 ""МБК""",55.19139,38.36194,0,3
961,20758,134,31,"км 31+500 а/д А-108 ""МБК""",55.08,36.961388,0,3
962,20759,134,22,"км 22+200 а/д А-108 ""МБК""",55.25994,36.52516,0,3
963,20760,134,38,"км 38+000 а/д А-108 ""МБК""",55.38438,36.39796,0,3
964,20761,134,32,"км 32+150 а/д А-108 ""МБК""",55.76582,36.26277,0,3
965,20762,134,34,"км 34+800 а/д А-108 ""МБК""",56.42892,37.18081,0,3
966,20763,134,55,"км 55+300 а/д А-108 ""МБК""",56.365275,37.472675,0,3
967,20764,134,25,"км 25+200 а/д А-108 ""МБК""",56.44137,37.88686,0,3
968,20801,166,204,км 204+740 а/д Р-351 (1Р-351) Екатеринбург-Тюмень,57.07493581,63.61017197,0,5
969,20802,182,15,"км 15+000 а/д А-153 (Р-344, 1Р-344) Нытва-Кудымкар",58.104888,55.121723,0,3
970,20803,182,42,"км 42+225 а/д А-153 (Р-344, 1Р-344) Нытва-Кудымкар",58.305028,54.911485,0,3
971,20804,182,85,"км 85+137 а/д А-153 (Р-344, 1Р-344) Нытва-Кудымкар",58.664985,54.709385,0,3
972,20805,182,120,"км 120+225 а/д А-153 (Р-344, 1Р-344) Нытва-Кудымкар",58.982197,54.698253,0,3
973,20806,172,371,"км 371+000 а/д М-7 ""Волга"", подъезд к г.г. Ижевск и Пермь",57.703038,54.552415,0,3
974,20807,172,396,"км 396+650 а/д М-7 ""Волга"", подъезд к г.г. Ижевск и Пермь",57.868145,54.782163,0,3
975,20808,172,477,"км 477+000 а/д М-7 ""Волга"", подъезд к г.г. Ижевск и Пермь",58.042393,55.878467,0,3
976,20809,171,13,км 13+300 а/д Р-242 (1Р-242) Пермь-Екатеринбург,57.899405,56.268355,0,3
977,20810,171,45,км 45+380 а/д Р-242 (1Р-242) Пермь-Екатеринбург,57.64178,56.448363,0,3
978,20811,171,146,км 146+060 а/д Р-242 (1Р-242) Пермь-Екатеринбург,57.014823,57.468703,0,3
979,20812,171,183,км 183+500 а/д Р-242 (1Р-242) Пермь-Екатеринбург,56.786993,57.886398,0,3
980,20813,171,216,км 216+500 а/д Р-242 (1Р-242) Пермь-Екатеринбург,56.781827,58.401175,0,3
981,20814,48,0,км 0+000 а/д Тест,46.0,43.0,12,3
982,20815,48,0,км 0+000 а/д Тест,46.0,43.0,12,3
983,20816,171,339,км 339+000 а/д Р-242 (1Р-242) Пермь-Екатеринбург,56.835327,60.290098,0,3
984,20817,69,141,"км 141+300 а/д М-5 ""Урал"", подъезд к г. Екатеринбург",56.305497,60.866948,0,3
985,20818,69,160,"км 160+100 а/д М-5 ""Урал"", подъезд к г. Екатеринбург",56.46935,60.882842,0,3
986,20819,69,189,"км 189+700 а/д М-5 ""Урал"", подъезд к г. Екатеринбург",56.71047,60.733372,0,3
987,20820,72,59,км 59+600 а/д Р-354 (1Р-354) Екатеринбург-Курган,56.569178,61.341773,0,3
988,20821,72,78,км 78+300 а/д Р-354 (1Р-354) Екатеринбург-Курган,56.473482,61.583445,0,3
989,20822,72,120,км 120+000 а/д Р-354 (1Р-354) Екатеринбург-Курган,56.359293,62.214283,0,3
990,20823,166,245,км 245+000 а/д Р-351 (1Р-351) Екатеринбург-Тюмень,57.11182,64.264932,0,3
991,20824,73,100,"км 100+000 а/д Р-254 (М-51, М-53, М-55) ""Иртыш"", подъезд к г. Тюмень",56.288607,65.432823,0,3
992,20825,167,11,км 11+100 а/д Р-402 (1Р-402) Тюмень-Омск,57.090105,65.689792,0,3
993,20826,167,37,км 37+000 а/д Р-402 (1Р-402) Тюмень-Омск,56.891983,65.874098,0,3
994,20827,167,73,км 73+500 а/д Р-402 (1Р-402) Тюмень-Омск,56.641163,66.229143,0,3
995,20828,167,105,км 105+400 а/д Р-402 (1Р-402) Тюмень-Омск,56.513352,66.664037,0,3
996,20829,167,168,км 168+500 а/д Р-402 (1Р-402) Тюмень-Омск,56.497097,67.670993,0,3
997,20830,167,216,км 216+000 а/д Р-402 (1Р-402) Тюмень-Омск,56.438652,68.409147,0,3
998,20831,167,305,км 305+000 а/д Р-402 (1Р-402) Тюмень-Омск,56.171158,69.676327,0,3
999,20832,167,353,км 353+550 а/д Р-402 (1Р-402) Тюмень-Омск,56.282462,70.424932,0,3
1000,20833,169,14,км 14+400 а/д Р-404 Тюмень-Ханты-Мансийск,57.168073,65.715873,0,3
1001,20834,169,69,км 69+200 а/д Р-404 Тюмень-Ханты-Мансийск,57.177865,66.574287,0,3
1002,20835,169,167,км 167+700 а/д Р-404 Тюмень-Ханты-Мансийск,57.767092,67.670817,0,3
1003,20836,169,215,км 215+000 а/д Р-404 Тюмень-Ханты-Мансийск,58.016982,68.166313,0,3
1004,20837,169,245,км 245+000 а/д Р-404 Тюмень-Ханты-Мансийск,58.234587,68.343658,0,3
1005,20838,169,281,км 281+000 а/д Р-404 Тюмень-Ханты-Мансийск,58.468815,68.560577,0,3
1006,20839,169,316,км 316+000 а/д Р-404 Тюмень-Ханты-Мансийск,58.724505,68.859277,0,3
1007,20840,169,345,км 345+000 а/д Р-404 Тюмень-Ханты-Мансийск,58.931872,69.094858,0,3
1008,20841,169,370,км 370+300 а/д Р-404 Тюмень-Ханты-Мансийск,59.136513,68.991915,0,3
1009,20842,169,410,км 410+000 а/д Р-404 Тюмень-Ханты-Мансийск,59.443345,69.066835,0,3
1010,20843,169,437,км 437+000 а/д Р-404 Тюмень-Ханты-Мансийск,59.587663,69.402238,0,3
1011,20844,169,493,км 493+000 а/д Р-404 Тюмень-Ханты-Мансийск,59.725457,70.329772,0,3
1012,20845,169,529,км 529+000 а/д Р-404 Тюмень-Ханты-Мансийск,59.807778,70.941023,0,3
1013,20846,169,542,км 542+100 а/д Р-404 Тюмень-Ханты-Мансийск,59.88413,71.12302,0,3
1014,20847,169,568,км 568+600 а/д Р-404 Тюмень-Ханты-Мансийск,60.048572,71.418795,0,3
1015,20848,169,590,км 590+000 а/д Р-404 Тюмень-Ханты-Мансийск,60.167888,71.693508,0,3
1016,20849,169,614,км 614+700 а/д Р-404 Тюмень-Ханты-Мансийск,60.322743,71.993555,0,3
1017,20850,169,642,км 642+000 а/д Р-404 Тюмень-Ханты-Мансийск,60.774885,72.352048,0,3
1018,20851,169,772,км 772+800 а/д Р-404 Тюмень-Ханты-Мансийск,60.98458,71.926392,0,3
1019,20852,169,846,км 846+400 а/д Р-404 Тюмень-Ханты-Мансийск,60.968552,70.859097,0,3
1020,20853,169,881,км 881+000 а/д Р-404 Тюмень-Ханты-Мансийск,61.087103,70.288035,0,3
1021,20854,169,916,км 916+800 а/д Р-404 Тюмень-Ханты-Мансийск,60.964335,69.703093,0,3
1022,20855,169,949,км 949+800 а/д Р-404 Тюмень-Ханты-Мансийск,61.034822,69.164327,0,3
1023,20856,170,7,"км 7+800 а/д Р-404, подъезд к г. Сургут",61.056935,72.609993,0,3
1024,20857,170,30,"км 30+200 а/д Р-404, подъезд к г. Сургут",61.174525,72.847418,0,3
1025,20901,179,14,км 14+000 а/д А-280 (М-23)  Ростов-на-Дону-Таганрог,47.2694,39.5069,0,3
1026,20902,184,305,км 305+000 а/д Р-216 (А-154) Астрахань-Ставрополь,46.3148,44.3229,0,3
1027,20903,20,377,км 377+000 а/д А-260 (М-21) Волгоград-Каменск-Шахтинский,48.3461,40.0362,0,3
1028,20904,184,222,км 222+000 а/д Р-216 (А-154) Астрахань-Ставрополь,46.1643,45.3398,0,3
1029,20905,178,895,км 895+000 а/д А-270 (М-19) Москва-Майский,47.7629,39.9497,0,3
1030,20906,184,138,км 138+000 а/д Р-216 (А-154) Астрахань-Ставрополь,46.3191,46.3643,0,3
1031,20908,180,253,км 253+400 а/д Р-215 Астрахань-Махачкала,44.898611,46.621111,0,3
1032,20909,20,282,км 282+000 а/д А-260 (М-21) Волгоград-Каменск-Шахтинский,48.2536,41.0236,0,3
1033,20910,20,220,км 220+000 а/д А-260 (М-21) Волгоград-Каменск-Шахтинский,48.358,41.7617,0,3
1034,20911,179,51,км 51+000 а/д А-280 (М-23)  Ростов-на-Дону-Таганрог,47.320454,39.02767,0,3
1035,20912,179,97,км 97+000 а/д А-280 (М-23)  Ростов-на-Дону-Таганрог,47.188445,38.510528,0,3
1036,20913,179,117,км 117+000 а/д А-280 (М-23)  Ростов-на-Дону-Таганрог,47.1612,38.2619,0,3
1037,20914,50,263,"км 263+251 а/д Р-22 (М-6) ""Каспий"", подъезд к г. Элиста",46.583685,44.283891,0,3
1038,20915,50,202,"км 202+000 а/д Р-22 (М-6) ""Каспий"", подъезд к г. Элиста",47.2095,44.5385,0,3
1039,20916,180,112,км 112+500 а/д Р-215 Астрахань-Махачкала,45.786389,47.245833,0,3
1040,20917,16,1371,"км 1371+900 а/д Р-22 (М-6) ""Каспий""",46.463322,47.967045,0,3
1041,20918,16,1252,"км 1252+900 а/д Р-22 (М-6) ""Каспий""",47.238889,46.989722,0,3
1042,20919,16,122,"км 122+000 а/д Р-22 (М-6) ""Каспий""",47.967,44.604,0,3
1043,20920,16,1210,"км 1210+100 а/д Р-22 (М-6) ""Каспий""",47.559722,46.711389,0,3
1044,20921,16,1130,"км 1130+700 а/д Р-22 (М-6) ""Каспий""",48.0725,46.076667,0,3
1045,21001,162,35,км 35+700 а/д А-151 Цивильск-Ульяновск,55.54,47.427,0,3
1046,21002,162,114,км 114+780 а/д А-151 Цивильск-Ульяновск,54.894,47.531,0,3
1047,21003,162,94,км 94+100 а/д А-151 Цивильск-Ульяновск,55.068,47.578,0,3
1048,21004,162,71,км 71+810 а/д А-151 Цивильск-Ульяновск,55.265,47.56,0,3
1049,21005,55,597,"км 597+000 а/д М-7 ""Волга""",56.054,46.451,0,3
1050,21006,55,582,"км 582+670 а/д М-7 ""Волга""",56.038001,46.250467,100,3
1051,21007,55,550,"км 550+300 а/д М-7 ""Волга""",56.051,45.848,0,3
1052,21008,55,512,"км 512+000 а/д М-7 ""Волга""",56.056,45.214,0,3
1053,21009,55,446,"км 446+625 а/д М-7 ""Волга""",56.103,44.302,0,3
1054,21010,55,468,"км 468+250 а/д М-7 ""Волга""",56.028,44.608,0,3
1055,21011,55,480,"км 480+930 а/д М-7 ""Волга""",55.989,44.767,0,3
1056,21012,55,498,"км 498+000 а/д М-7 ""Волга""",56.015,45.011,0,3
1057,21013,55,584,"км 584+000 а/д М-7 ""Волга""",56.039,46.273,0,3
1058,21014,55,615,"км 615+750 а/д М-7 ""Волга""",56.042223,46.754143,0,3
1059,21015,55,637,"км 637+000 а/д М-7 ""Волга""",56.107619,47.051787,0,3
1060,21016,55,656,"км 656+000 а/д М-7 ""Волга""",56.041,47.292,0,3
1061,21017,55,679,"км 679+000 а/д М-7 ""Волга""",55.8607,47.4626,0,3
1062,21018,55,729,"км 729+668 а/д М-7 ""Волга""",55.773,48.196,0,3
1063,21201,186,105,"км 105+400 а/д А-118 Первая очередь ""КАД"" г. СПб",59.867853,29.780147,100,3
1064,21202,186,115,"км 115+300 а/д А-118 Первая очередь ""КАД"" г. СПб",59.91710984,29.66128939,0,3
1065,21203,186,101,"км 101+300 а/д А-118 Первая очередь ""КАД"" г. СПб",59.837311,29.815326,100,3
1066,21204,186,95,"км 95+300 а/д А-118 Первая очередь ""КАД"" г. СПб",59.812309,29.898248,100,3
1067,21205,186,86,"км 86+600 а/д А-118 Первая очередь ""КАД"" г. СПб",59.81591893,30.04558346,0,3
1068,21206,186,79,"км 79+600 а/д А-118 Первая очередь ""КАД"" г. СПб",59.0,30.0,0,3
1069,21208,186,70,"км 70+700 а/д А-118 Первая очередь ""КАД"" г. СПб",59.82369764,30.29546079,100,3
1070,21209,186,68,"км 68+500 а/д А-118 Первая очередь ""КАД"" г. СПб",59.81016827,30.32576808,100,3
1071,21211,186,54,"км 54+900 а/д А-118 Первая очередь ""КАД"" г. СПб",59.861329,30.520051,100,3
1072,21212,186,50,"км 50+900 а/д А-118 Первая очередь ""КАД"" г. СПб",59.0,30.0,0,3
1073,21213,186,44,"км 44+800 а/д А-118 Первая очередь ""КАД"" г. СПб",59.95124631,30.54576751,0,3
1074,21214,186,44,"км 44+300 а/д А-118 Первая очередь ""КАД"" г. СПб",59.952068,30.545706,0,3
1075,21217,186,30,"км 30+900 а/д А-118 Первая очередь ""КАД"" г. СПб",60.044776,30.431877,100,3
1076,21218,186,29,"км 29+500 а/д А-118 Первая очередь ""КАД"" г. СПб",60.052019,30.405444,100,3
1077,21219,186,23,"км 23+300 а/д А-118 Первая очередь ""КАД"" г. СПб",60.093948,30.358175,100,3
1078,21220,186,81,"км 81+200 а/д А-118 Первая очередь ""КАД"" г. СПб",59.0,30.0,0,3
1079,21221,186,78,"км 78+900 а/д А-118 Первая очередь ""КАД"" г. СПб",59.803548,30.17486,100,3
1080,21222,186,71,"км 71+700 а/д А-118 Первая очередь ""КАД"" г. СПб",59.83134044,30.2863654,0,3
1081,21224,186,57,"км 57+200 а/д А-118 Первая очередь ""КАД"" г. СПб",59.853495,30.48608,100,3
1082,21225,186,56,"км 56+000 а/д А-118 Первая очередь ""КАД"" г. СПб",59.85677802,30.50967784,0,3
1083,21301,180,79,км 79+100 а/д Р-215 Астрахань-Махачкала,45.893611,47.611111,0,3
1084,21302,180,253,км 253+400 а/д Р-215 Астрахань-Махачкала,44.898611,46.621111,0,3
1085,21303,184,165,км 165+000 а/д Р-216 (А-154) Астрахань-Ставрополь,46.322945,46.254008,0,3
1086,21304,184,22,км 22+150 а/д Р-216 (А-154) Астрахань-Ставрополь,46.264444,47.851389,0,3
1087,21305,184,70,км 70+000 а/д Р-216 (А-154) Астрахань-Ставрополь,46.274722,47.259444,0,3
1088,21306,20,240,км 240+000 а/д А-260 (М-21) Волгоград-Каменск-Шахтинский,48.323682,41.582936,0,3
1089,21307,16,1175,"км 1175+000 а/д Р-22 (М-6) ""Каспий""",47.748333,46.394444,0,3
1090,21308,16,1321,"км 1321+000 а/д Р-22 (М-6) ""Каспий""",46.4,47.74,0,3
1091,21309,50,165,"км 165+000 а/д Р-22 (М-6) ""Каспий"", подъезд к г. Элиста",47.173923,44.520485,0,3
1092,21310,50,287,"км 287+000 а/д Р-22 (М-6) ""Каспий"", подъезд к г. Элиста",44.264938,46.371731,0,3
1093,21311,50,96,"км 96+000 а/д Р-22 (М-6) ""Каспий"", подъезд к г. Элиста",47.737714,44.534301,0,3
1094,49999,24,0,км 0+000 а/д Р-120 (А-141) Орёл-Смоленск,53.267,34.279,213,3
1095,50000,193,18,км 18+700 а/д Tallinn-Ikla,59.31006,24.57125,39,3
1096,50001,194,4,км 4+600 а/д Tallinn-Türi,59.35939,24.76826,46,3
1097,50002,195,119,км 119+400 а/д Tallinn-Narva,59.43359,26.70641,50,3
1098,50003,196,5,км 5+700 а/д Tallinn-Kloogaranna,59.42978,24.55765,20,3
1099,50004,211,8,км 8+580 а/д Краснодар-Ейск,45.19694444444444,38.99916666666667,0,3
1100,50006,211,65,км 65+400 а/д Краснодар-Ейск,45.637527,38.972054,0,3
1101,50008,211,118,км 118+600 а/д Краснодар-Ейск,46.057333,39.000416,0,3
1102,50010,211,177,км 177+400 а/д Краснодар-Ейск,46.527158,39.004699,0,3
1103,50012,212,222,км 222+223 а/д Белый-Темрюк,46.640451,38.455444,0,3
1104,50014,213,149,км 149+321 а/д Темрюк-Кропоткин,45.257611,37.345444,0,3
1105,50016,213,69,км 69+192 а/д Темрюк-Кропоткин,45.211929,38.106451,0,3
1106,50018,213,33,км 33+442 а/д Темрюк-Кропоткин,45.252457,38.469051,0,3
1107,50020,213,0,км 0+253 а/д Темрюк-Кропоткин,45.059959,38.767589,0,3
1108,50030,214,69,км 69+803 а/д Тимашевск-Приморско-Ахтарск,46.02972222222222,38.28333333333333,0,3
1109,50032,215,34,км 34+948 а/д Стародеревянковская-Кисляковская,46.30425,39.356103,0,3
1110,50034,216,69,км 69+900 а/д Журавская-Тихорецк,45.861333,40.074583,0,3
1111,50036,217,64,км 64+045 а/д Тихорецк-Белая Глина,46.06216,40.838355,0,3
1112,50038,218,93,км 93+118 а/д Усть-Лабинск-Упорная,44.9175,40.59194444444444,0,3
1113,50040,218,122,км 122+271 а/д Усть-Лабинск-Упорная,44.680091,40.688895,0,3
1114,50042,219,68,км 68+570 а/д Майкоп-Туапсе,44.43529,39.51516,0,3
1115,50044,220,7,км 7+300 а/д Кореновск-Тимашевск,45.51539,39.3216,0,3
1116,50046,223,38,км 38+700 а/д Кубанская-Саратовская,44.683751,39.304802,0,3
1117,50048,222,46,км 46+794 а/д Андреева Гора-Анапа,44.930332,37.343945,0,3
1118,50050,221,42,км 42+050 а/д Крымск-Джигинка,45.113916,37.617861,0,3
1119,50052,224,30,км 30+450 а/д Славянск-на-Кубани-Ачуево,45.46275,37.991026,0,3
1120,50054,235,32,км 32+989 а/д Староминская-Кущевская,46.544694,39.604806,0,3
1121,50056,211,93,км 93+000 а/д Краснодар-Ейск,45.84916666666667,39.04611111111111,0,3
1122,50058,216,43,км 43+200 а/д Журавская-Тихорецк,45.755215,39.924034,0,3
1123,50060,225,52,км 52+360 а/д Лабинск-Мостовой,44.18666666666666,40.84305555555556,0,3
1124,50062,226,0,км 0+150 а/д Белореченск-Нижневеденеевский,44.828822,39.8423,0,3
1125,50064,227,77,км 77+500 а/д Армавир-Отрадная,44.413603,41.481,0,3
1126,50066,228,53,км 53+400 а/д Ейск-Копанская,46.278076,38.457943,0,3
1127,50068,218,23,км 23+450 а/д Усть-Лабинск-Упорная,45.10222222222222,39.90861111111111,0,3
1128,50070,229,0,км 0+050 а/д Крыловская-Тверской,46.31475,39.951417,0,3
1129,50072,227,29,км 29+800 а/д Армавир-Отрадная,44.755499,41.169685,0,3
1130,50074,219,110,км 110+750 а/д Майкоп-Туапсе,44.265857,39.267106,0,3
1131,50076,217,36,км 36+259 а/д Тихорецк-Белая Глина,45.937739,40.586645,0,3
1132,50078,230,32,км 32+579 а/д Тимашевск-Полтавская,45.45361111111112,38.67305555555555,0,3
1133,50080,231,20,км 20+370 а/д Армавир-Невинномысск,44.855892,41.349269,0,3
1134,50082,232,3,км 3+550 а/д Сенной-Тамань,45.277706,36.978681,0,3
1135,50086,234,0,км 0+180 а/д Дубравная Улица (Эсто-садок),43.6816,40.2431,0,3
